date,core3_long_original_exit_1x,core3_long_fixed_5d_1x,core3_relative_original_exit_1x,core3_relative_fixed_1d_1x,core3_relative_fixed_3d_1x,core3_relative_fixed_5d_1x,core3_relative_fixed_7d_1x,broad_relative_fixed_5d_1x
2025-11-15 00:00:00+00:00,0,0,0,0,0,0,0,0
2025-11-16 00:00:00+00:00,0,0,0,0,0,0,0,0
2025-11-17 00:00:00+00:00,0,0,0,0,0,0,0,0
2025-11-18 00:00:00+00:00,0,0,0,0,0,0,0,0
2025-11-19 00:00:00+00:00,0,0,0,0,0,0,0,0
2025-11-20 00:00:00+00:00,0,0,0,0,0,0,0,0
2025-11-21 00:00:00+00:00,0,0,0,0,0,0,0,0
2025-11-22 00:00:00+00:00,0,0,0,0,0,0,0,0
2025-11-23 00:00:00+00:00,0,0,0,0,0,0,0,0
2025-11-24 00:00:00+00:00,0,0,0,0,0,0,0,0
2025-11-25 00:00:00+00:00,0,0,0,0,0,0,0,0
2025-11-26 00:00:00+00:00,0,0,0,0,0,0,0,0
2025-11-27 00:00:00+00:00,0,0,0,0,0,0,0,0
2025-11-28 00:00:00+00:00,-0.01322832426,-0.01016163641,-0.04686556454,-0.04390480677,-0.02259872394,-0.02225806036,-0.01792335228,-0.02725592375
2025-11-29 00:00:00+00:00,-0.02402778937,-0.01845748974,-0.08125261121,-0.07397280027,-0.03918026698,-0.03858964557,-0.03107439734,-0.03981323556
2025-11-30 00:00:00+00:00,-0.02835630928,-0.02145340701,-0.1127310346,-0.07397280027,-0.03955360728,-0.03895735797,-0.03137049857,-0.04876783657
2025-12-01 00:00:00+00:00,-0.02835630928,-0.05644577359,-0.1127310346,-0.07397280027,-0.05391580959,-0.05451250279,-0.04389631329,-0.06398429883
2025-12-02 00:00:00+00:00,-0.02835630928,-0.01042720598,-0.1127310346,-0.07397280027,-0.05391580959,-0.03349966577,-0.02697567986,-0.0425320583
2025-12-03 00:00:00+00:00,-0.02835630928,-0.0138858702,-0.1127310346,-0.07397280027,-0.05391580959,-0.04929116391,0.001669494715,-0.05859728267
2025-12-04 00:00:00+00:00,-0.02835630928,-0.0138858702,-0.1127310346,-0.07397280027,-0.05391580959,-0.04929116391,-0.01133839755,-0.05859728267
2025-12-05 00:00:00+00:00,-0.02835630928,-0.0138858702,-0.1127310346,-0.07397280027,-0.05391580959,-0.04929116391,-0.02267717898,-0.05859728267
2025-12-06 00:00:00+00:00,-0.02835630928,-0.0138858702,-0.1127310346,-0.07397280027,-0.05391580959,-0.04929116391,-0.02267717898,-0.05859728267
2025-12-07 00:00:00+00:00,-0.02835630928,-0.0138858702,-0.1127310346,-0.07397280027,-0.05391580959,-0.04929116391,-0.02267717898,-0.05859728267
2025-12-08 00:00:00+00:00,-0.02835630928,-0.0138858702,-0.1127310346,-0.07397280027,-0.05391580959,-0.04929116391,-0.02267717898,-0.05859728267
2025-12-09 00:00:00+00:00,-0.02835630928,-0.0138858702,-0.1127310346,-0.07397280027,-0.05391580959,-0.04929116391,-0.02267717898,-0.05859728267
2025-12-10 00:00:00+00:00,-0.02835630928,-0.0138858702,-0.1127310346,-0.07397280027,-0.05391580959,-0.04929116391,-0.02267717898,-0.05859728267
2025-12-11 00:00:00+00:00,-0.02835630928,-0.0138858702,-0.1127310346,-0.07397280027,-0.05391580959,-0.04929116391,-0.02267717898,-0.05859728267
2025-12-12 00:00:00+00:00,-0.02835630928,-0.0138858702,-0.1127310346,-0.07397280027,-0.05391580959,-0.04929116391,-0.02267717898,-0.05859728267
2025-12-13 00:00:00+00:00,-0.02835630928,-0.0138858702,-0.1127310346,-0.07397280027,-0.05391580959,-0.04929116391,-0.02267717898,-0.05859728267
2025-12-14 00:00:00+00:00,-0.02835630928,-0.0138858702,-0.1127310346,-0.07397280027,-0.05391580959,-0.04929116391,-0.02267717898,-0.05859728267
2025-12-15 00:00:00+00:00,-0.02835630928,-0.0138858702,-0.1127310346,-0.07397280027,-0.05391580959,-0.04929116391,-0.02267717898,-0.05859728267
2025-12-16 00:00:00+00:00,-0.02835630928,-0.0138858702,-0.1127310346,-0.07397280027,-0.05391580959,-0.04929116391,-0.02267717898,-0.05859728267
2025-12-17 00:00:00+00:00,-0.02835630928,-0.0138858702,-0.1127310346,-0.07397280027,-0.05391580959,-0.04929116391,-0.02267717898,-0.05859728267
2025-12-18 00:00:00+00:00,-0.02835630928,-0.0138858702,-0.1127310346,-0.07397280027,-0.05391580959,-0.04929116391,-0.02267717898,-0.05859728267
2025-12-19 00:00:00+00:00,-0.02835630928,-0.0138858702,-0.1127310346,-0.07397280027,-0.05391580959,-0.04929116391,-0.02267717898,-0.05859728267
2025-12-20 00:00:00+00:00,-0.02835630928,-0.0138858702,-0.1127310346,-0.07397280027,-0.05391580959,-0.04929116391,-0.02267717898,-0.05859728267
2025-12-21 00:00:00+00:00,-0.02835630928,-0.0138858702,-0.1127310346,-0.07397280027,-0.05391580959,-0.04929116391,-0.02267717898,-0.05859728267
2025-12-22 00:00:00+00:00,-0.02835630928,-0.0138858702,-0.1127310346,-0.07397280027,-0.05391580959,-0.04929116391,-0.02267717898,-0.05859728267
2025-12-23 00:00:00+00:00,-0.02835630928,-0.0138858702,-0.1127310346,-0.07397280027,-0.05391580959,-0.04929116391,-0.02267717898,-0.05859728267
2025-12-24 00:00:00+00:00,-0.02835630928,-0.0138858702,-0.1127310346,-0.07397280027,-0.05391580959,-0.04929116391,-0.02267717898,-0.05859728267
2025-12-25 00:00:00+00:00,-0.02835630928,-0.0138858702,-0.1127310346,-0.07397280027,-0.05391580959,-0.04929116391,-0.02267717898,-0.05859728267
2025-12-26 00:00:00+00:00,-0.02835630928,-0.0138858702,-0.1127310346,-0.07397280027,-0.05391580959,-0.04929116391,-0.02267717898,-0.05859728267
2025-12-27 00:00:00+00:00,-0.02835630928,-0.0138858702,-0.1127310346,-0.07397280027,-0.05391580959,-0.04929116391,-0.02267717898,-0.05859728267
2025-12-28 00:00:00+00:00,-0.02835630928,-0.0138858702,-0.1127310346,-0.07397280027,-0.05391580959,-0.04929116391,-0.02267717898,-0.05859728267
2025-12-29 00:00:00+00:00,-0.02835630928,-0.0138858702,-0.1127310346,-0.07397280027,-0.05391580959,-0.04929116391,-0.02267717898,-0.05859728267
2025-12-30 00:00:00+00:00,-0.02835630928,-0.0138858702,-0.1127310346,-0.07397280027,-0.05391580959,-0.04929116391,-0.02267717898,-0.05859728267
2025-12-31 00:00:00+00:00,-0.02835630928,-0.0138858702,-0.1127310346,-0.07397280027,-0.05391580959,-0.04929116391,-0.02267717898,-0.05859728267
2026-01-01 00:00:00+00:00,-0.02835630928,-0.0138858702,-0.1127310346,-0.07397280027,-0.05391580959,-0.04929116391,-0.02267717898,-0.05859728267
2026-01-02 00:00:00+00:00,-0.02835630928,-0.0138858702,-0.1127310346,-0.07397280027,-0.05391580959,-0.04929116391,-0.02267717898,-0.05859728267
2026-01-03 00:00:00+00:00,-0.02835630928,-0.0138858702,-0.1127310346,-0.07397280027,-0.05391580959,-0.04929116391,-0.02267717898,-0.05859728267
2026-01-04 00:00:00+00:00,-0.02835630928,-0.0138858702,-0.1127310346,-0.07397280027,-0.05391580959,-0.04929116391,-0.02267717898,-0.05859728267
2026-01-05 00:00:00+00:00,-0.02835630928,-0.0138858702,-0.1127310346,-0.07397280027,-0.05391580959,-0.04929116391,-0.02267717898,-0.05859728267
2026-01-06 00:00:00+00:00,-0.02835630928,-0.0138858702,-0.1127310346,-0.07397280027,-0.05391580959,-0.04929116391,-0.02267717898,-0.05859728267
2026-01-07 00:00:00+00:00,-0.02835630928,-0.0138858702,-0.1127310346,-0.07397280027,-0.05391580959,-0.04929116391,-0.02267717898,-0.05859728267
2026-01-08 00:00:00+00:00,-0.02835630928,-0.0138858702,-0.1127310346,-0.07397280027,-0.05391580959,-0.04929116391,-0.02267717898,-0.05859728267
2026-01-09 00:00:00+00:00,-0.02835630928,-0.0138858702,-0.1127310346,-0.07397280027,-0.05391580959,-0.04929116391,-0.02267717898,-0.05859728267
2026-01-10 00:00:00+00:00,-0.02835630928,-0.0138858702,-0.1127310346,-0.07397280027,-0.05391580959,-0.04929116391,-0.02267717898,-0.05859728267
2026-01-11 00:00:00+00:00,-0.02835630928,-0.0138858702,-0.1127310346,-0.07397280027,-0.05391580959,-0.04929116391,-0.02267717898,-0.05859728267
2026-01-12 00:00:00+00:00,-0.02835630928,-0.0138858702,-0.1127310346,-0.07397280027,-0.05391580959,-0.04929116391,-0.02267717898,-0.05859728267
2026-01-13 00:00:00+00:00,-0.02835630928,-0.0138858702,-0.1127310346,-0.07397280027,-0.05391580959,-0.04929116391,-0.02267717898,-0.05859728267
2026-01-14 00:00:00+00:00,-0.02835630928,-0.0138858702,-0.1127310346,-0.07397280027,-0.05391580959,-0.04929116391,-0.02267717898,-0.05859728267
2026-01-15 00:00:00+00:00,-0.02835630928,-0.0138858702,-0.1127310346,-0.07397280027,-0.05391580959,-0.04929116391,-0.02267717898,-0.05859728267
2026-01-16 00:00:00+00:00,-0.02835630928,-0.0138858702,-0.1127310346,-0.07397280027,-0.05391580959,-0.04929116391,-0.02267717898,-0.05859728267
2026-01-17 00:00:00+00:00,-0.02835630928,-0.0138858702,-0.1127310346,-0.07397280027,-0.05391580959,-0.04929116391,-0.02267717898,-0.05859728267
2026-01-18 00:00:00+00:00,-0.02835630928,-0.0138858702,-0.1127310346,-0.07397280027,-0.05391580959,-0.04929116391,-0.02267717898,-0.05859728267
2026-01-19 00:00:00+00:00,-0.02835630928,-0.0138858702,-0.1127310346,-0.07397280027,-0.05391580959,-0.04929116391,-0.02267717898,-0.05859728267
2026-01-20 00:00:00+00:00,-0.02835630928,-0.0138858702,-0.1127310346,-0.07397280027,-0.05391580959,-0.04929116391,-0.02267717898,-0.05859728267
2026-01-21 00:00:00+00:00,-0.02835630928,-0.0138858702,-0.1127310346,-0.07397280027,-0.05391580959,-0.04929116391,-0.02267717898,-0.05859728267
2026-01-22 00:00:00+00:00,-0.02835630928,-0.0138858702,-0.1127310346,-0.07397280027,-0.05391580959,-0.04929116391,-0.02267717898,-0.05859728267
2026-01-23 00:00:00+00:00,-0.02835630928,-0.0138858702,-0.1127310346,-0.07397280027,-0.05391580959,-0.04929116391,-0.02267717898,-0.05859728267
2026-01-24 00:00:00+00:00,-0.02835630928,-0.0138858702,-0.1127310346,-0.07397280027,-0.05391580959,-0.04929116391,-0.02267717898,-0.05859728267
2026-01-25 00:00:00+00:00,-0.02835630928,-0.0138858702,-0.1127310346,-0.07397280027,-0.05391580959,-0.04929116391,-0.02267717898,-0.05859728267
2026-01-26 00:00:00+00:00,-0.02835630928,-0.0138858702,-0.1127310346,-0.07397280027,-0.05391580959,-0.04929116391,-0.02267717898,-0.05859728267
2026-01-27 00:00:00+00:00,-0.02835630928,-0.0138858702,-0.1127310346,-0.07397280027,-0.05391580959,-0.04929116391,-0.02267717898,-0.05859728267
2026-01-28 00:00:00+00:00,-0.02835630928,-0.0138858702,-0.1127310346,-0.07397280027,-0.05391580959,-0.04929116391,-0.02267717898,-0.05859728267
2026-01-29 00:00:00+00:00,-0.02835630928,-0.0138858702,-0.1127310346,-0.07397280027,-0.05391580959,-0.04929116391,-0.02267717898,-0.05859728267
2026-01-30 00:00:00+00:00,-0.02835630928,-0.0138858702,-0.1127310346,-0.07397280027,-0.05391580959,-0.04929116391,-0.02267717898,-0.05859728267
2026-01-31 00:00:00+00:00,-0.02835630928,-0.0138858702,-0.1127310346,-0.07397280027,-0.05391580959,-0.04929116391,-0.02267717898,-0.05859728267
2026-02-01 00:00:00+00:00,-0.02835630928,-0.0138858702,-0.1127310346,-0.07397280027,-0.05391580959,-0.04929116391,-0.02267717898,-0.05859728267
2026-02-02 00:00:00+00:00,-0.02835630928,-0.0138858702,-0.1127310346,-0.07397280027,-0.05391580959,-0.04929116391,-0.02267717898,-0.05859728267
2026-02-03 00:00:00+00:00,-0.02835630928,-0.0138858702,-0.1127310346,-0.07397280027,-0.05391580959,-0.04929116391,-0.02267717898,-0.05859728267
2026-02-04 00:00:00+00:00,-0.02835630928,-0.0138858702,-0.1127310346,-0.07397280027,-0.05391580959,-0.04929116391,-0.02267717898,-0.05859728267
2026-02-05 00:00:00+00:00,-0.02835630928,-0.0138858702,-0.1127310346,-0.07397280027,-0.05391580959,-0.04929116391,-0.02267717898,-0.05859728267
2026-02-06 00:00:00+00:00,-0.02835630928,-0.0138858702,-0.1127310346,-0.07397280027,-0.05391580959,-0.04929116391,-0.02267717898,-0.05859728267
2026-02-07 00:00:00+00:00,-0.02835630928,-0.0138858702,-0.1127310346,-0.07397280027,-0.05391580959,-0.04929116391,-0.02267717898,-0.05859728267
2026-02-08 00:00:00+00:00,-0.02835630928,-0.0138858702,-0.1127310346,-0.07397280027,-0.05391580959,-0.04929116391,-0.02267717898,-0.05859728267
2026-02-09 00:00:00+00:00,-0.02835630928,-0.0138858702,-0.1127310346,-0.07397280027,-0.05391580959,-0.04929116391,-0.02267717898,-0.05859728267
2026-02-10 00:00:00+00:00,-0.02835630928,-0.0138858702,-0.1127310346,-0.07397280027,-0.05391580959,-0.04929116391,-0.02267717898,-0.05859728267
2026-02-11 00:00:00+00:00,-0.02835630928,-0.0138858702,-0.1127310346,-0.07397280027,-0.05391580959,-0.04929116391,-0.02267717898,-0.05859728267
2026-02-12 00:00:00+00:00,-0.02835630928,-0.0138858702,-0.1127310346,-0.07397280027,-0.05391580959,-0.04929116391,-0.02267717898,-0.05859728267
2026-02-13 00:00:00+00:00,-0.02835630928,-0.0138858702,-0.1127310346,-0.07397280027,-0.05391580959,-0.04929116391,-0.02267717898,-0.05859728267
2026-02-14 00:00:00+00:00,-0.02835630928,-0.0138858702,-0.1127310346,-0.07397280027,-0.05391580959,-0.04929116391,-0.02267717898,-0.05859728267
2026-02-15 00:00:00+00:00,-0.02835630928,-0.0138858702,-0.1127310346,-0.07397280027,-0.05391580959,-0.04929116391,-0.02267717898,-0.05859728267
2026-02-16 00:00:00+00:00,-0.02835630928,-0.0138858702,-0.1127310346,-0.07397280027,-0.05391580959,-0.04929116391,-0.02267717898,-0.05859728267
2026-02-17 00:00:00+00:00,-0.02835630928,-0.0138858702,-0.1127310346,-0.07397280027,-0.05391580959,-0.04929116391,-0.02267717898,-0.05859728267
2026-02-18 00:00:00+00:00,-0.02835630928,-0.0138858702,-0.1127310346,-0.07397280027,-0.05391580959,-0.04929116391,-0.02267717898,-0.05859728267
2026-02-19 00:00:00+00:00,-0.02835630928,-0.0138858702,-0.1127310346,-0.07397280027,-0.05391580959,-0.04929116391,-0.02267717898,-0.05859728267
2026-02-20 00:00:00+00:00,-0.02835630928,-0.0138858702,-0.1127310346,-0.07397280027,-0.05391580959,-0.04929116391,-0.02267717898,-0.05859728267
2026-02-21 00:00:00+00:00,-0.03284611575,-0.01733481657,-0.1645223792,-0.1224921982,-0.07888976031,-0.07388864578,-0.04248435559,-0.08644120231
2026-02-22 00:00:00+00:00,-0.04168531767,-0.02821669214,-0.2276574748,-0.1816386995,-0.0958242556,-0.09056786269,-0.05591533185,-0.1075555218
2026-02-23 00:00:00+00:00,-0.04168531767,-0.05713026445,-0.2276574748,-0.1816386995,-0.1000661447,-0.09474580756,-0.05927963119,-0.1016360599
2026-02-24 00:00:00+00:00,-0.04168531767,-0.05947280799,-0.2276574748,-0.1816386995,-0.1291977657,-0.08891514019,-0.05458447341,-0.1001155659
2026-02-25 00:00:00+00:00,-0.04168531767,0.002699865565,-0.2276574748,-0.1816386995,-0.1291977657,-0.03859789899,-0.01406640378,-0.02240445874
2026-02-26 00:00:00+00:00,-0.04168531767,-0.003973044505,-0.2276574748,-0.1816386995,-0.1291977657,-0.06649002097,-0.02376736052,-0.04449902231
2026-02-27 00:00:00+00:00,-0.04168531767,-0.003973044505,-0.2276574748,-0.1816386995,-0.1291977657,-0.06649002097,-0.03882001173,-0.04449902231
2026-02-28 00:00:00+00:00,-0.04168531767,-0.003973044505,-0.2276574748,-0.1816386995,-0.1291977657,-0.06649002097,-0.05119197886,-0.04449902231
2026-03-01 00:00:00+00:00,-0.04168531767,-0.003973044505,-0.2276574748,-0.1816386995,-0.1291977657,-0.06649002097,-0.05119197886,-0.04449902231
2026-03-02 00:00:00+00:00,-0.04168531767,-0.003973044505,-0.2276574748,-0.1816386995,-0.1291977657,-0.06649002097,-0.05119197886,-0.04449902231
2026-03-03 00:00:00+00:00,-0.04168531767,-0.003973044505,-0.2276574748,-0.1816386995,-0.1291977657,-0.06649002097,-0.05119197886,-0.04449902231
2026-03-04 00:00:00+00:00,-0.04168531767,-0.003973044505,-0.2276574748,-0.1816386995,-0.1291977657,-0.06649002097,-0.05119197886,-0.04449902231
2026-03-05 00:00:00+00:00,-0.04168531767,-0.003973044505,-0.2276574748,-0.1816386995,-0.1291977657,-0.06649002097,-0.05119197886,-0.04449902231
2026-03-06 00:00:00+00:00,-0.04168531767,-0.003973044505,-0.2276574748,-0.1816386995,-0.1291977657,-0.06649002097,-0.05119197886,-0.04449902231
2026-03-07 00:00:00+00:00,-0.04168531767,-0.003973044505,-0.2276574748,-0.1816386995,-0.1291977657,-0.06649002097,-0.05119197886,-0.04449902231
2026-03-08 00:00:00+00:00,-0.04168531767,-0.003973044505,-0.2276574748,-0.1816386995,-0.1291977657,-0.06649002097,-0.05119197886,-0.04449902231
2026-03-09 00:00:00+00:00,-0.04168531767,-0.003973044505,-0.2276574748,-0.1816386995,-0.1291977657,-0.06649002097,-0.05119197886,-0.04449902231
2026-03-10 00:00:00+00:00,-0.04168531767,-0.003973044505,-0.2276574748,-0.1816386995,-0.1291977657,-0.06649002097,-0.05119197886,-0.04449902231
2026-03-11 00:00:00+00:00,-0.04168531767,-0.003973044505,-0.2276574748,-0.1816386995,-0.1291977657,-0.06649002097,-0.05119197886,-0.04449902231
2026-03-12 00:00:00+00:00,-0.04168531767,-0.003973044505,-0.2276574748,-0.1816386995,-0.1291977657,-0.06649002097,-0.05119197886,-0.04449902231
2026-03-13 00:00:00+00:00,-0.04168531767,-0.003973044505,-0.2276574748,-0.1816386995,-0.1291977657,-0.06649002097,-0.05119197886,-0.04449902231
2026-03-14 00:00:00+00:00,-0.04168531767,-0.003973044505,-0.2276574748,-0.1816386995,-0.1291977657,-0.06649002097,-0.05119197886,-0.04449902231
2026-03-15 00:00:00+00:00,-0.04168531767,-0.003973044505,-0.2276574748,-0.1816386995,-0.1291977657,-0.06649002097,-0.05119197886,-0.04449902231
2026-03-16 00:00:00+00:00,-0.04168531767,-0.003973044505,-0.2276574748,-0.1816386995,-0.1291977657,-0.06649002097,-0.05119197886,-0.04449902231
2026-03-17 00:00:00+00:00,-0.04168531767,-0.003973044505,-0.2276574748,-0.1816386995,-0.1291977657,-0.06649002097,-0.05119197886,-0.04449902231
2026-03-18 00:00:00+00:00,-0.04168531767,-0.003973044505,-0.2276574748,-0.1816386995,-0.1291977657,-0.06649002097,-0.05119197886,-0.04449902231
2026-03-19 00:00:00+00:00,-0.04168531767,-0.003973044505,-0.2276574748,-0.1816386995,-0.1291977657,-0.06649002097,-0.05119197886,-0.04449902231
2026-03-20 00:00:00+00:00,-0.04168531767,-0.003973044505,-0.2276574748,-0.1816386995,-0.1291977657,-0.06649002097,-0.05119197886,-0.04449902231
2026-03-21 00:00:00+00:00,-0.04168531767,-0.003973044505,-0.2276574748,-0.1816386995,-0.1291977657,-0.06649002097,-0.05119197886,-0.04449902231
2026-03-22 00:00:00+00:00,-0.05734352128,-0.01600124768,-0.2522598575,-0.2046868132,-0.1410611127,-0.07817453441,-0.06060095912,-0.06059656106
2026-03-23 00:00:00+00:00,-0.06250759386,0.01028008675,-0.2845647875,-0.2349508615,-0.1442177038,-0.08128354161,-0.06310449403,-0.07186309257
2026-03-24 00:00:00+00:00,-0.06250759386,0.008799688302,-0.2845647875,-0.2349508615,-0.1416784888,-0.0787826039,-0.06109060842,-0.06428044817
2026-03-25 00:00:00+00:00,-0.06250759386,0.01502370389,-0.2845647875,-0.2349508615,-0.1594296437,-0.08032888118,-0.06233575162,-0.0732029639
2026-03-26 00:00:00+00:00,-0.06250759386,-0.01273011541,-0.2845647875,-0.2349508615,-0.1594296437,-0.09340328455,-0.07286394381,-0.08037034745
2026-03-27 00:00:00+00:00,-0.06250759386,-0.01704787753,-0.2845647875,-0.2349508615,-0.1594296437,-0.110024834,-0.07061898005,-0.09524736473
2026-03-28 00:00:00+00:00,-0.06250759386,-0.01704787753,-0.2845647875,-0.2349508615,-0.1594296437,-0.110024834,-0.07634893688,-0.09524736473
2026-03-29 00:00:00+00:00,-0.06250759386,-0.01704787753,-0.2845647875,-0.2349508615,-0.1594296437,-0.110024834,-0.0889724089,-0.09524736473
2026-03-30 00:00:00+00:00,-0.06250759386,-0.01704787753,-0.2845647875,-0.2349508615,-0.1594296437,-0.110024834,-0.0889724089,-0.09524736473
2026-03-31 00:00:00+00:00,-0.06250759386,-0.01704787753,-0.2845647875,-0.2349508615,-0.1594296437,-0.110024834,-0.0889724089,-0.09524736473
2026-04-01 00:00:00+00:00,-0.06250759386,-0.01704787753,-0.2845647875,-0.2349508615,-0.1594296437,-0.110024834,-0.0889724089,-0.09524736473
2026-04-02 00:00:00+00:00,-0.06250759386,-0.01704787753,-0.2845647875,-0.2349508615,-0.1594296437,-0.110024834,-0.0889724089,-0.09524736473
2026-04-03 00:00:00+00:00,-0.06250759386,-0.01704787753,-0.2845647875,-0.2349508615,-0.1594296437,-0.110024834,-0.0889724089,-0.09524736473
2026-04-04 00:00:00+00:00,-0.06250759386,-0.01704787753,-0.2845647875,-0.2349508615,-0.1594296437,-0.110024834,-0.0889724089,-0.09524736473
2026-04-05 00:00:00+00:00,-0.06250759386,-0.01704787753,-0.2845647875,-0.2349508615,-0.1594296437,-0.110024834,-0.0889724089,-0.09524736473
2026-04-06 00:00:00+00:00,-0.06250759386,-0.01704787753,-0.2845647875,-0.2349508615,-0.1594296437,-0.110024834,-0.0889724089,-0.09524736473
2026-04-07 00:00:00+00:00,-0.06250759386,-0.01704787753,-0.2845647875,-0.2349508615,-0.1594296437,-0.110024834,-0.0889724089,-0.09524736473
2026-04-08 00:00:00+00:00,-0.06250759386,-0.01704787753,-0.2845647875,-0.2349508615,-0.1594296437,-0.110024834,-0.0889724089,-0.09524736473
2026-04-09 00:00:00+00:00,-0.06250759386,-0.01704787753,-0.2845647875,-0.2349508615,-0.1594296437,-0.110024834,-0.0889724089,-0.09524736473
2026-04-10 00:00:00+00:00,-0.06250759386,-0.01704787753,-0.2845647875,-0.2349508615,-0.1594296437,-0.110024834,-0.0889724089,-0.09524736473
2026-04-11 00:00:00+00:00,-0.06250759386,-0.01704787753,-0.2845647875,-0.2349508615,-0.1594296437,-0.110024834,-0.0889724089,-0.09524736473
2026-04-12 00:00:00+00:00,-0.06250759386,-0.01704787753,-0.2845647875,-0.2349508615,-0.1594296437,-0.110024834,-0.0889724089,-0.09524736473
2026-04-13 00:00:00+00:00,-0.06250759386,-0.01704787753,-0.2845647875,-0.2349508615,-0.1594296437,-0.110024834,-0.0889724089,-0.09524736473
2026-04-14 00:00:00+00:00,-0.06250759386,-0.01704787753,-0.2845647875,-0.2349508615,-0.1594296437,-0.110024834,-0.0889724089,-0.09524736473
2026-04-15 00:00:00+00:00,-0.06250759386,-0.01704787753,-0.2845647875,-0.2349508615,-0.1594296437,-0.110024834,-0.0889724089,-0.09524736473
2026-04-16 00:00:00+00:00,-0.06250759386,-0.01704787753,-0.2845647875,-0.2349508615,-0.1594296437,-0.110024834,-0.0889724089,-0.09524736473
2026-04-17 00:00:00+00:00,-0.06250759386,-0.01704787753,-0.2845647875,-0.2349508615,-0.1594296437,-0.110024834,-0.0889724089,-0.09524736473
2026-04-18 00:00:00+00:00,-0.06250759386,-0.01704787753,-0.2845647875,-0.2349508615,-0.1594296437,-0.110024834,-0.0889724089,-0.09524736473
2026-04-19 00:00:00+00:00,-0.06250759386,-0.01704787753,-0.2845647875,-0.2349508615,-0.1594296437,-0.110024834,-0.0889724089,-0.09524736473
2026-04-20 00:00:00+00:00,-0.06250759386,-0.01704787753,-0.2845647875,-0.2349508615,-0.1594296437,-0.110024834,-0.0889724089,-0.09524736473
2026-04-21 00:00:00+00:00,-0.06250759386,-0.01704787753,-0.2845647875,-0.2349508615,-0.1594296437,-0.110024834,-0.0889724089,-0.09524736473
2026-04-22 00:00:00+00:00,-0.06250759386,-0.01704787753,-0.2845647875,-0.2349508615,-0.1594296437,-0.110024834,-0.0889724089,-0.09524736473
2026-04-23 00:00:00+00:00,-0.06250759386,-0.01704787753,-0.2845647875,-0.2349508615,-0.1594296437,-0.110024834,-0.0889724089,-0.09524736473
2026-04-24 00:00:00+00:00,-0.06250759386,-0.01704787753,-0.2845647875,-0.2349508615,-0.1594296437,-0.110024834,-0.0889724089,-0.09524736473
2026-04-25 00:00:00+00:00,-0.06250759386,-0.01704787753,-0.2845647875,-0.2349508615,-0.1594296437,-0.110024834,-0.0889724089,-0.09524736473
2026-04-26 00:00:00+00:00,-0.06250759386,-0.01704787753,-0.2845647875,-0.2349508615,-0.1594296437,-0.110024834,-0.0889724089,-0.09524736473
2026-04-27 00:00:00+00:00,-0.06250759386,-0.01704787753,-0.2845647875,-0.2349508615,-0.1594296437,-0.110024834,-0.0889724089,-0.09524736473
2026-04-28 00:00:00+00:00,-0.06250759386,-0.01704787753,-0.2845647875,-0.2349508615,-0.1594296437,-0.110024834,-0.0889724089,-0.09524736473
2026-04-29 00:00:00+00:00,-0.06250759386,-0.01704787753,-0.2845647875,-0.2349508615,-0.1594296437,-0.110024834,-0.0889724089,-0.09524736473
2026-04-30 00:00:00+00:00,-0.06250759386,-0.01704787753,-0.2845647875,-0.2349508615,-0.1594296437,-0.110024834,-0.0889724089,-0.09524736473
2026-05-01 00:00:00+00:00,-0.06250759386,-0.01704787753,-0.2845647875,-0.2349508615,-0.1594296437,-0.110024834,-0.0889724089,-0.09524736473
2026-05-02 00:00:00+00:00,-0.06250759386,-0.01704787753,-0.2845647875,-0.2349508615,-0.1594296437,-0.110024834,-0.0889724089,-0.09524736473
2026-05-03 00:00:00+00:00,-0.06250759386,-0.01704787753,-0.2845647875,-0.2349508615,-0.1594296437,-0.110024834,-0.0889724089,-0.09524736473
2026-05-04 00:00:00+00:00,-0.06250759386,-0.01704787753,-0.2845647875,-0.2349508615,-0.1594296437,-0.110024834,-0.0889724089,-0.09524736473
2026-05-05 00:00:00+00:00,-0.06250759386,-0.01704787753,-0.2845647875,-0.2349508615,-0.1594296437,-0.110024834,-0.0889724089,-0.09524736473
2026-05-06 00:00:00+00:00,-0.06250759386,-0.01704787753,-0.2845647875,-0.2349508615,-0.1594296437,-0.110024834,-0.0889724089,-0.09524736473
2026-05-07 00:00:00+00:00,-0.06250759386,-0.01704787753,-0.2845647875,-0.2349508615,-0.1594296437,-0.110024834,-0.0889724089,-0.09524736473
2026-05-08 00:00:00+00:00,-0.06250759386,-0.01704787753,-0.2845647875,-0.2349508615,-0.1594296437,-0.110024834,-0.0889724089,-0.09524736473
2026-05-09 00:00:00+00:00,-0.06250759386,-0.01704787753,-0.2845647875,-0.2349508615,-0.1594296437,-0.110024834,-0.0889724089,-0.09524736473
2026-05-10 00:00:00+00:00,-0.06250759386,-0.01704787753,-0.2845647875,-0.2349508615,-0.1594296437,-0.110024834,-0.0889724089,-0.09524736473
2026-05-11 00:00:00+00:00,-0.06250759386,-0.01704787753,-0.2845647875,-0.2349508615,-0.1594296437,-0.110024834,-0.0889724089,-0.09524736473
2026-05-12 00:00:00+00:00,-0.06250759386,-0.01704787753,-0.2845647875,-0.2349508615,-0.1594296437,-0.110024834,-0.0889724089,-0.09524736473
2026-05-13 00:00:00+00:00,-0.06250759386,-0.01704787753,-0.2845647875,-0.2349508615,-0.1594296437,-0.110024834,-0.0889724089,-0.09524736473
2026-05-14 00:00:00+00:00,-0.06250759386,-0.01704787753,-0.2845647875,-0.2349508615,-0.1594296437,-0.110024834,-0.0889724089,-0.09524736473
2026-05-15 00:00:00+00:00,-0.06250759386,-0.01704787753,-0.2845647875,-0.2349508615,-0.1594296437,-0.110024834,-0.0889724089,-0.09524736473
2026-05-16 00:00:00+00:00,-0.06250759386,-0.01704787753,-0.2845647875,-0.2349508615,-0.1594296437,-0.110024834,-0.0889724089,-0.09524736473
2026-05-17 00:00:00+00:00,-0.06250759386,-0.01704787753,-0.2845647875,-0.2349508615,-0.1594296437,-0.110024834,-0.0889724089,-0.09524736473
2026-05-18 00:00:00+00:00,-0.06250759386,-0.01704787753,-0.2845647875,-0.2349508615,-0.1594296437,-0.110024834,-0.0889724089,-0.09524736473
2026-05-19 00:00:00+00:00,-0.06250759386,-0.01704787753,-0.2845647875,-0.2349508615,-0.1594296437,-0.110024834,-0.0889724089,-0.09524736473
2026-05-20 00:00:00+00:00,-0.06250759386,-0.01704787753,-0.2845647875,-0.2349508615,-0.1594296437,-0.110024834,-0.0889724089,-0.09524736473
2026-05-21 00:00:00+00:00,-0.06250759386,-0.01704787753,-0.2845647875,-0.2349508615,-0.1594296437,-0.110024834,-0.0889724089,-0.09524736473
2026-05-22 00:00:00+00:00,-0.06250759386,-0.01704787753,-0.2845647875,-0.2349508615,-0.1594296437,-0.110024834,-0.0889724089,-0.09524736473
2026-05-23 00:00:00+00:00,-0.06250759386,-0.01704787753,-0.2845647875,-0.2349508615,-0.1594296437,-0.110024834,-0.0889724089,-0.09524736473
2026-05-24 00:00:00+00:00,-0.06250759386,-0.01704787753,-0.2845647875,-0.2349508615,-0.1594296437,-0.110024834,-0.0889724089,-0.09524736473
2026-05-25 00:00:00+00:00,-0.06250759386,-0.01704787753,-0.2845647875,-0.2349508615,-0.1594296437,-0.110024834,-0.0889724089,-0.09524736473
2026-05-26 00:00:00+00:00,-0.06250759386,-0.01704787753,-0.2845647875,-0.2349508615,-0.1594296437,-0.110024834,-0.0889724089,-0.09524736473
2026-05-27 00:00:00+00:00,-0.06250759386,-0.01704787753,-0.2845647875,-0.2349508615,-0.1594296437,-0.110024834,-0.0889724089,-0.09524736473
2026-05-28 00:00:00+00:00,-0.07080235838,-0.02341968847,-0.2867539769,-0.2370017476,-0.1604852777,-0.1110645549,-0.08980964648,-0.09853566332
2026-05-29 00:00:00+00:00,-0.06840429999,-0.02157756569,-0.2737956214,-0.246441207,-0.1542367176,-0.1049101884,-0.08485382928,-0.09745867716
2026-05-30 00:00:00+00:00,-0.03380675658,0.004999319637,-0.17406396,-0.246441207,-0.106145794,-0.05754420959,-0.04671227019,-0.08140103255
2026-05-31 00:00:00+00:00,-0.03656947923,0.000246348701,-0.1843536784,-0.246441207,-0.1111075289,-0.06412704367,-0.05201311187,-0.0831837507
2026-06-01 00:00:00+00:00,-0.03656947923,-0.007704132591,-0.1843536784,-0.246441207,-0.1111075289,-0.0418584505,-0.03408127803,-0.06404728397
2026-06-02 00:00:00+00:00,-0.03656947923,-0.0103407632,-0.1843536784,-0.246441207,-0.1111075289,-0.05033604492,-0.04333626926,-0.07179273679
2026-06-03 00:00:00+00:00,-0.03656947923,-0.0103407632,-0.1843536784,-0.246441207,-0.1111075289,-0.05033604492,-0.04059825731,-0.07179273679
2026-06-04 00:00:00+00:00,-0.03656947923,-0.0103407632,-0.1843536784,-0.246441207,-0.1111075289,-0.05033604492,-0.05405358706,-0.07179273679
2026-06-05 00:00:00+00:00,-0.03656947923,-0.0103407632,-0.1843536784,-0.246441207,-0.1111075289,-0.05033604492,-0.05405358706,-0.07179273679
2026-06-06 00:00:00+00:00,-0.03656947923,-0.0103407632,-0.1843536784,-0.246441207,-0.1111075289,-0.05033604492,-0.05405358706,-0.07179273679
2026-06-07 00:00:00+00:00,-0.03656947923,-0.0103407632,-0.1843536784,-0.246441207,-0.1111075289,-0.05033604492,-0.05405358706,-0.07179273679
2026-06-08 00:00:00+00:00,-0.03656947923,-0.0103407632,-0.1843536784,-0.246441207,-0.1111075289,-0.05033604492,-0.05405358706,-0.07179273679
2026-06-09 00:00:00+00:00,-0.03656947923,-0.0103407632,-0.1843536784,-0.246441207,-0.1111075289,-0.05033604492,-0.05405358706,-0.07179273679
2026-06-10 00:00:00+00:00,-0.03656947923,-0.0103407632,-0.1843536784,-0.246441207,-0.1111075289,-0.05033604492,-0.05405358706,-0.07179273679
2026-06-11 00:00:00+00:00,-0.03656947923,-0.0103407632,-0.1843536784,-0.246441207,-0.1111075289,-0.05033604492,-0.05405358706,-0.07179273679
2026-06-12 00:00:00+00:00,-0.03656947923,-0.0103407632,-0.1843536784,-0.246441207,-0.1111075289,-0.05033604492,-0.05405358706,-0.07179273679
2026-06-13 00:00:00+00:00,-0.03656947923,-0.0103407632,-0.1843536784,-0.246441207,-0.1111075289,-0.05033604492,-0.05405358706,-0.07179273679
2026-06-14 00:00:00+00:00,-0.03656947923,-0.0103407632,-0.1843536784,-0.246441207,-0.1111075289,-0.05033604492,-0.05405358706,-0.07179273679
2026-06-15 00:00:00+00:00,-0.03656947923,-0.0103407632,-0.1843536784,-0.246441207,-0.1111075289,-0.05033604492,-0.05405358706,-0.07179273679
2026-06-16 00:00:00+00:00,-0.03656947923,-0.0103407632,-0.1843536784,-0.246441207,-0.1111075289,-0.05033604492,-0.05405358706,-0.07179273679
2026-06-17 00:00:00+00:00,-0.03656947923,-0.0103407632,-0.1843536784,-0.246441207,-0.1111075289,-0.05033604492,-0.05405358706,-0.07179273679
2026-06-18 00:00:00+00:00,-0.03656947923,-0.0103407632,-0.1843536784,-0.246441207,-0.1111075289,-0.05033604492,-0.05405358706,-0.07179273679
2026-06-19 00:00:00+00:00,-0.03656947923,-0.0103407632,-0.1843536784,-0.246441207,-0.1111075289,-0.05033604492,-0.05405358706,-0.07179273679
2026-06-20 00:00:00+00:00,-0.02437112133,-0.0009703187302,-0.1981730952,-0.2593875746,-0.1177712955,-0.05689935888,-0.05933871013,-0.08697400454
2026-06-21 00:00:00+00:00,-0.03332982259,-0.008608783315,-0.2509078008,-0.3087907362,-0.11452537,-0.05370236391,-0.05676432286,-0.09039266578
2026-06-22 00:00:00+00:00,-0.03332982259,-0.005506460691,-0.2509078008,-0.3087907362,-0.1229510233,-0.06200100504,-0.06344682196,-0.09727034943
2026-06-23 00:00:00+00:00,-0.03332982259,-0.02334639764,-0.2509078008,-0.3087907362,-0.1459780548,-0.07388574386,-0.07301703415,-0.1004399508
2026-06-24 00:00:00+00:00,-0.06131274973,-0.03849779137,-0.291370531,-0.3466972111,-0.1654893117,-0.07220943197,-0.0716671803,-0.09493223271
2026-06-25 00:00:00+00:00,-0.07385864252,-0.04440028531,-0.2782237792,-0.3830505169,-0.1591499062,-0.09063916967,-0.06663931247,-0.1126754542
2026-06-26 00:00:00+00:00,-0.05235390016,-0.04440028531,-0.2206190581,-0.3830505169,-0.1313727269,-0.09063916967,-0.04460885753,-0.1126754542
2026-06-27 00:00:00+00:00,-0.06343386396,-0.04440028531,-0.255504575,-0.3830505169,-0.1494729782,-0.09063916967,-0.05896441052,-0.1126754542
2026-06-28 00:00:00+00:00,-0.06885363486,-0.04440028531,-0.288022696,-0.3830505169,-0.1494729782,-0.09063916967,-0.05896441052,-0.1126754542
2026-06-29 00:00:00+00:00,-0.06885363486,-0.04440028531,-0.288022696,-0.3830505169,-0.1494729782,-0.09063916967,-0.05896441052,-0.1126754542
2026-06-30 00:00:00+00:00,-0.06885363486,-0.04440028531,-0.288022696,-0.3830505169,-0.1494729782,-0.09063916967,-0.05896441052,-0.1126754542
2026-07-01 00:00:00+00:00,-0.06885363486,-0.04440028531,-0.288022696,-0.3830505169,-0.1494729782,-0.09063916967,-0.05896441052,-0.1126754542
2026-07-02 00:00:00+00:00,-0.06885363486,-0.04440028531,-0.288022696,-0.3830505169,-0.1494729782,-0.09063916967,-0.05896441052,-0.1126754542
2026-07-03 00:00:00+00:00,-0.06885363486,-0.04440028531,-0.288022696,-0.3830505169,-0.1494729782,-0.09063916967,-0.05896441052,-0.1126754542
2026-07-04 00:00:00+00:00,-0.06885363486,-0.04440028531,-0.288022696,-0.3830505169,-0.1494729782,-0.09063916967,-0.05896441052,-0.1126754542
2026-07-05 00:00:00+00:00,-0.06885363486,-0.04440028531,-0.288022696,-0.3830505169,-0.1494729782,-0.09063916967,-0.05896441052,-0.1126754542
2026-07-06 00:00:00+00:00,-0.06885363486,-0.04440028531,-0.288022696,-0.3830505169,-0.1494729782,-0.09063916967,-0.05896441052,-0.1126754542
2026-07-07 00:00:00+00:00,-0.06885363486,-0.04440028531,-0.288022696,-0.3830505169,-0.1494729782,-0.09063916967,-0.05896441052,-0.1126754542
2026-07-08 00:00:00+00:00,-0.06885363486,-0.04440028531,-0.288022696,-0.3830505169,-0.1494729782,-0.09063916967,-0.05896441052,-0.1126754542
2026-07-09 00:00:00+00:00,-0.06885363486,-0.04440028531,-0.288022696,-0.3830505169,-0.1494729782,-0.09063916967,-0.05896441052,-0.1126754542
2026-07-10 00:00:00+00:00,-0.06885363486,-0.04440028531,-0.288022696,-0.3830505169,-0.1494729782,-0.09063916967,-0.05896441052,-0.1126754542
2026-07-11 00:00:00+00:00,-0.06885363486,-0.04440028531,-0.288022696,-0.3830505169,-0.1494729782,-0.09063916967,-0.05896441052,-0.1126754542
2026-07-12 00:00:00+00:00,-0.06885363486,-0.04440028531,-0.288022696,-0.3830505169,-0.1494729782,-0.09063916967,-0.05896441052,-0.1126754542
2026-07-13 00:00:00+00:00,-0.06885363486,-0.04440028531,-0.288022696,-0.3830505169,-0.1494729782,-0.09063916967,-0.05896441052,-0.1126754542
2026-07-14 00:00:00+00:00,-0.06885363486,-0.04440028531,-0.288022696,-0.3830505169,-0.1494729782,-0.09063916967,-0.05896441052,-0.1126754542
2026-07-15 00:00:00+00:00,-0.06885363486,-0.04440028531,-0.288022696,-0.3830505169,-0.1494729782,-0.09063916967,-0.05896441052,-0.1126754542
2026-07-16 00:00:00+00:00,-0.06885363486,-0.04440028531,-0.288022696,-0.3830505169,-0.1494729782,-0.09063916967,-0.05896441052,-0.1126754542
2026-07-17 00:00:00+00:00,-0.06885363486,-0.04440028531,-0.288022696,-0.3830505169,-0.1494729782,-0.09063916967,-0.05896441052,-0.1126754542
2026-07-18 00:00:00+00:00,-0.06885363486,-0.04440028531,-0.288022696,-0.3830505169,-0.1494729782,-0.09063916967,-0.05896441052,-0.1126754542
2026-07-19 00:00:00+00:00,-0.06885363486,-0.04440028531,-0.288022696,-0.3830505169,-0.1494729782,-0.09063916967,-0.05896441052,-0.1126754542
2026-07-20 00:00:00+00:00,-0.06885363486,-0.04440028531,-0.288022696,-0.3830505169,-0.1494729782,-0.09063916967,-0.05896441052,-0.1126754542
2026-07-21 00:00:00+00:00,-0.06885363486,-0.04440028531,-0.288022696,-0.3830505169,-0.1494729782,-0.09063916967,-0.05896441052,-0.1126754542
2026-07-22 00:00:00+00:00,-0.06885363486,-0.04440028531,-0.288022696,-0.3830505169,-0.1494729782,-0.09063916967,-0.05896441052,-0.1126754542
2026-07-23 00:00:00+00:00,-0.06885363486,-0.04440028531,-0.288022696,-0.3830505169,-0.1494729782,-0.09063916967,-0.05896441052,-0.1126754542
2026-07-24 00:00:00+00:00,-0.06885363486,-0.04440028531,-0.288022696,-0.3830505169,-0.1494729782,-0.09063916967,-0.05896441052,-0.1126754542
2026-07-25 00:00:00+00:00,-0.06885363486,-0.04440028531,-0.288022696,-0.3830505169,-0.1494729782,-0.09063916967,-0.05896441052,-0.1126754542
2026-07-26 00:00:00+00:00,-0.06885363486,-0.04440028531,-0.288022696,-0.3830505169,-0.1494729782,-0.09063916967,-0.05896441052,-0.1126754542
2026-07-27 00:00:00+00:00,-0.06885363486,-0.04440028531,-0.288022696,-0.3830505169,-0.1494729782,-0.09063916967,-0.05896441052,-0.1126754542
2026-07-28 00:00:00+00:00,-0.06885363486,-0.04440028531,-0.288022696,-0.3830505169,-0.1494729782,-0.09063916967,-0.05896441052,-0.1126754542
2026-07-29 00:00:00+00:00,-0.06885363486,-0.04440028531,-0.288022696,-0.3830505169,-0.1494729782,-0.09063916967,-0.05896441052,-0.1126754542
2026-07-30 00:00:00+00:00,-0.06885363486,-0.04440028531,-0.288022696,-0.3830505169,-0.1494729782,-0.09063916967,-0.05896441052,-0.1126754542
2026-07-31 00:00:00+00:00,-0.08682380456,-0.05820447753,-0.2770479546,-0.3727691108,-0.144180923,-0.08542688943,-0.05476721034,-0.10364819
2026-08-01 00:00:00+00:00,-0.09814499176,-0.06690110348,-0.3131031619,-0.3833215885,-0.1615668584,-0.1025507412,-0.06855622981,-0.1054465135
2026-08-02 00:00:00+00:00,-0.1004282833,-0.05292570952,-0.3227252771,-0.3833215885,-0.1478645314,-0.08905496944,-0.05768872978,-0.08236048847
2026-08-03 00:00:00+00:00,-0.1004282833,-0.05554189365,-0.3227252771,-0.3833215885,-0.1520663293,-0.09383459732,-0.06153753569,-0.08148115289
2026-08-04 00:00:00+00:00,-0.1004282833,-0.05267484852,-0.3227252771,-0.3833215885,-0.1520663293,-0.09998379635,-0.06648919179,-0.08434586816
