date,frozen_strategy2_2x,accelerating_spike_1x
2025-11-15 00:00:00+00:00,0,0
2025-11-16 00:00:00+00:00,0,0
2025-11-17 00:00:00+00:00,0,0
2025-11-18 00:00:00+00:00,0,0
2025-11-19 00:00:00+00:00,0,0
2025-11-20 00:00:00+00:00,0,0
2025-11-21 00:00:00+00:00,0,0
2025-11-22 00:00:00+00:00,0,0
2025-11-23 00:00:00+00:00,0,0
2025-11-24 00:00:00+00:00,0,0
2025-11-25 00:00:00+00:00,0,0
2025-11-26 00:00:00+00:00,0,0
2025-11-27 00:00:00+00:00,0,0
2025-11-28 00:00:00+00:00,-0.02613310642,-0.01615498752
2025-11-29 00:00:00+00:00,-0.03954234219,-0.02444432111
2025-11-30 00:00:00+00:00,-0.0468046259,-0.02893372626
2025-12-01 00:00:00+00:00,-0.0468046259,-0.02893372626
2025-12-02 00:00:00+00:00,-0.0468046259,-0.02893372626
2025-12-03 00:00:00+00:00,-0.0468046259,-0.02893372626
2025-12-04 00:00:00+00:00,-0.0468046259,-0.02893372626
2025-12-05 00:00:00+00:00,-0.0468046259,-0.02893372626
2025-12-06 00:00:00+00:00,-0.0468046259,-0.02893372626
2025-12-07 00:00:00+00:00,-0.0468046259,-0.02893372626
2025-12-08 00:00:00+00:00,-0.0468046259,-0.02893372626
2025-12-09 00:00:00+00:00,-0.0468046259,-0.02893372626
2025-12-10 00:00:00+00:00,-0.0468046259,-0.02893372626
2025-12-11 00:00:00+00:00,-0.0468046259,-0.02893372626
2025-12-12 00:00:00+00:00,-0.0468046259,-0.02893372626
2025-12-13 00:00:00+00:00,-0.0468046259,-0.02893372626
2025-12-14 00:00:00+00:00,-0.0468046259,-0.02893372626
2025-12-15 00:00:00+00:00,-0.0468046259,-0.02893372626
2025-12-16 00:00:00+00:00,-0.0468046259,-0.02893372626
2025-12-17 00:00:00+00:00,-0.0468046259,-0.02893372626
2025-12-18 00:00:00+00:00,-0.0468046259,-0.02893372626
2025-12-19 00:00:00+00:00,-0.0468046259,-0.02893372626
2025-12-20 00:00:00+00:00,-0.0468046259,-0.02893372626
2025-12-21 00:00:00+00:00,-0.0468046259,-0.02893372626
2025-12-22 00:00:00+00:00,-0.0468046259,-0.02893372626
2025-12-23 00:00:00+00:00,-0.0468046259,-0.02893372626
2025-12-24 00:00:00+00:00,-0.0468046259,-0.02893372626
2025-12-25 00:00:00+00:00,-0.0468046259,-0.02893372626
2025-12-26 00:00:00+00:00,-0.0468046259,-0.02893372626
2025-12-27 00:00:00+00:00,-0.0468046259,-0.02893372626
2025-12-28 00:00:00+00:00,-0.0468046259,-0.02893372626
2025-12-29 00:00:00+00:00,-0.0468046259,-0.02893372626
2025-12-30 00:00:00+00:00,-0.0468046259,-0.02893372626
2025-12-31 00:00:00+00:00,-0.0468046259,-0.02893372626
2026-01-01 00:00:00+00:00,-0.0468046259,-0.02893372626
2026-01-02 00:00:00+00:00,-0.0468046259,-0.02893372626
2026-01-03 00:00:00+00:00,-0.0468046259,-0.02893372626
2026-01-04 00:00:00+00:00,-0.0468046259,-0.02893372626
2026-01-05 00:00:00+00:00,-0.0468046259,-0.02893372626
2026-01-06 00:00:00+00:00,-0.0468046259,-0.02893372626
2026-01-07 00:00:00+00:00,-0.0468046259,-0.02893372626
2026-01-08 00:00:00+00:00,-0.0468046259,-0.02893372626
2026-01-09 00:00:00+00:00,-0.0468046259,-0.02893372626
2026-01-10 00:00:00+00:00,-0.0468046259,-0.02893372626
2026-01-11 00:00:00+00:00,-0.0468046259,-0.02893372626
2026-01-12 00:00:00+00:00,-0.0468046259,-0.02893372626
2026-01-13 00:00:00+00:00,-0.0468046259,-0.02893372626
2026-01-14 00:00:00+00:00,-0.0468046259,-0.02893372626
2026-01-15 00:00:00+00:00,-0.0468046259,-0.02893372626
2026-01-16 00:00:00+00:00,-0.0468046259,-0.02893372626
2026-01-17 00:00:00+00:00,-0.0468046259,-0.02893372626
2026-01-18 00:00:00+00:00,-0.0468046259,-0.02893372626
2026-01-19 00:00:00+00:00,-0.0468046259,-0.02893372626
2026-01-20 00:00:00+00:00,-0.0468046259,-0.02893372626
2026-01-21 00:00:00+00:00,-0.0468046259,-0.02893372626
2026-01-22 00:00:00+00:00,-0.0468046259,-0.02893372626
2026-01-23 00:00:00+00:00,-0.0468046259,-0.02893372626
2026-01-24 00:00:00+00:00,-0.0468046259,-0.02893372626
2026-01-25 00:00:00+00:00,-0.0468046259,-0.02893372626
2026-01-26 00:00:00+00:00,-0.0468046259,-0.02893372626
2026-01-27 00:00:00+00:00,-0.0468046259,-0.02893372626
2026-01-28 00:00:00+00:00,-0.0468046259,-0.02893372626
2026-01-29 00:00:00+00:00,-0.0468046259,-0.02893372626
2026-01-30 00:00:00+00:00,-0.0468046259,-0.02893372626
2026-01-31 00:00:00+00:00,-0.0468046259,-0.02893372626
2026-02-01 00:00:00+00:00,-0.0468046259,-0.02893372626
2026-02-02 00:00:00+00:00,-0.0468046259,-0.02893372626
2026-02-03 00:00:00+00:00,-0.0468046259,-0.02893372626
2026-02-04 00:00:00+00:00,-0.0468046259,-0.02893372626
2026-02-05 00:00:00+00:00,-0.0468046259,-0.02893372626
2026-02-06 00:00:00+00:00,-0.0468046259,-0.02893372626
2026-02-07 00:00:00+00:00,-0.0468046259,-0.02893372626
2026-02-08 00:00:00+00:00,-0.0468046259,-0.02893372626
2026-02-09 00:00:00+00:00,-0.0468046259,-0.02893372626
2026-02-10 00:00:00+00:00,-0.0468046259,-0.02893372626
2026-02-11 00:00:00+00:00,-0.0468046259,-0.02893372626
2026-02-12 00:00:00+00:00,-0.0468046259,-0.02893372626
2026-02-13 00:00:00+00:00,-0.0468046259,-0.02893372626
2026-02-14 00:00:00+00:00,-0.0468046259,-0.02893372626
2026-02-15 00:00:00+00:00,-0.0468046259,-0.02893372626
2026-02-16 00:00:00+00:00,-0.0468046259,-0.02893372626
2026-02-17 00:00:00+00:00,-0.0468046259,-0.02893372626
2026-02-18 00:00:00+00:00,-0.0468046259,-0.02893372626
2026-02-19 00:00:00+00:00,-0.0468046259,-0.02893372626
2026-02-20 00:00:00+00:00,-0.0468046259,-0.02893372626
2026-02-21 00:00:00+00:00,-0.05774169581,-0.0356948141
2026-02-22 00:00:00+00:00,-0.06792900779,-0.0419924159
2026-02-23 00:00:00+00:00,-0.06792900779,-0.0419924159
2026-02-24 00:00:00+00:00,-0.06792900779,-0.0419924159
2026-02-25 00:00:00+00:00,-0.06792900779,-0.0419924159
2026-02-26 00:00:00+00:00,-0.06792900779,-0.0419924159
2026-02-27 00:00:00+00:00,-0.06792900779,-0.0419924159
2026-02-28 00:00:00+00:00,-0.06792900779,-0.0419924159
2026-03-01 00:00:00+00:00,-0.06792900779,-0.0419924159
2026-03-02 00:00:00+00:00,-0.06792900779,-0.0419924159
2026-03-03 00:00:00+00:00,-0.06792900779,-0.0419924159
2026-03-04 00:00:00+00:00,-0.06792900779,-0.0419924159
2026-03-05 00:00:00+00:00,-0.06792900779,-0.0419924159
2026-03-06 00:00:00+00:00,-0.06792900779,-0.0419924159
2026-03-07 00:00:00+00:00,-0.06792900779,-0.0419924159
2026-03-08 00:00:00+00:00,-0.06792900779,-0.0419924159
2026-03-09 00:00:00+00:00,-0.06792900779,-0.0419924159
2026-03-10 00:00:00+00:00,-0.06792900779,-0.0419924159
2026-03-11 00:00:00+00:00,-0.06792900779,-0.0419924159
2026-03-12 00:00:00+00:00,-0.06792900779,-0.0419924159
2026-03-13 00:00:00+00:00,-0.06792900779,-0.0419924159
2026-03-14 00:00:00+00:00,-0.06792900779,-0.0419924159
2026-03-15 00:00:00+00:00,-0.06792900779,-0.0419924159
2026-03-16 00:00:00+00:00,-0.06792900779,-0.0419924159
2026-03-17 00:00:00+00:00,-0.06792900779,-0.0419924159
2026-03-18 00:00:00+00:00,-0.06792900779,-0.0419924159
2026-03-19 00:00:00+00:00,-0.06792900779,-0.0419924159
2026-03-20 00:00:00+00:00,-0.06792900779,-0.0419924159
2026-03-21 00:00:00+00:00,-0.06792900779,-0.0419924159
2026-03-22 00:00:00+00:00,-0.09691431651,-0.05991058044
2026-03-23 00:00:00+00:00,-0.1027182308,-0.06349844948
2026-03-24 00:00:00+00:00,-0.1027182308,-0.06349844948
2026-03-25 00:00:00+00:00,-0.1027182308,-0.06349844948
2026-03-26 00:00:00+00:00,-0.1027182308,-0.06349844948
2026-03-27 00:00:00+00:00,-0.1027182308,-0.06349844948
2026-03-28 00:00:00+00:00,-0.1027182308,-0.06349844948
2026-03-29 00:00:00+00:00,-0.1027182308,-0.06349844948
2026-03-30 00:00:00+00:00,-0.1027182308,-0.06349844948
2026-03-31 00:00:00+00:00,-0.1027182308,-0.06349844948
2026-04-01 00:00:00+00:00,-0.1027182308,-0.06349844948
2026-04-02 00:00:00+00:00,-0.1027182308,-0.06349844948
2026-04-03 00:00:00+00:00,-0.1027182308,-0.06349844948
2026-04-04 00:00:00+00:00,-0.1027182308,-0.06349844948
2026-04-05 00:00:00+00:00,-0.1027182308,-0.06349844948
2026-04-06 00:00:00+00:00,-0.1027182308,-0.06349844948
2026-04-07 00:00:00+00:00,-0.1027182308,-0.06349844948
2026-04-08 00:00:00+00:00,-0.1027182308,-0.06349844948
2026-04-09 00:00:00+00:00,-0.1027182308,-0.06349844948
2026-04-10 00:00:00+00:00,-0.1027182308,-0.06349844948
2026-04-11 00:00:00+00:00,-0.1027182308,-0.06349844948
2026-04-12 00:00:00+00:00,-0.1027182308,-0.06349844948
2026-04-13 00:00:00+00:00,-0.1027182308,-0.06349844948
2026-04-14 00:00:00+00:00,-0.1027182308,-0.06349844948
2026-04-15 00:00:00+00:00,-0.1027182308,-0.06349844948
2026-04-16 00:00:00+00:00,-0.1027182308,-0.06349844948
2026-04-17 00:00:00+00:00,-0.1027182308,-0.06349844948
2026-04-18 00:00:00+00:00,-0.1027182308,-0.06349844948
2026-04-19 00:00:00+00:00,-0.1027182308,-0.06349844948
2026-04-20 00:00:00+00:00,-0.1027182308,-0.06349844948
2026-04-21 00:00:00+00:00,-0.1027182308,-0.06349844948
2026-04-22 00:00:00+00:00,-0.1027182308,-0.06349844948
2026-04-23 00:00:00+00:00,-0.1027182308,-0.06349844948
2026-04-24 00:00:00+00:00,-0.1027182308,-0.06349844948
2026-04-25 00:00:00+00:00,-0.1027182308,-0.06349844948
2026-04-26 00:00:00+00:00,-0.1027182308,-0.06349844948
2026-04-27 00:00:00+00:00,-0.1027182308,-0.06349844948
2026-04-28 00:00:00+00:00,-0.1027182308,-0.06349844948
2026-04-29 00:00:00+00:00,-0.1027182308,-0.06349844948
2026-04-30 00:00:00+00:00,-0.1027182308,-0.06349844948
2026-05-01 00:00:00+00:00,-0.1027182308,-0.06349844948
2026-05-02 00:00:00+00:00,-0.1027182308,-0.06349844948
2026-05-03 00:00:00+00:00,-0.1027182308,-0.06349844948
2026-05-04 00:00:00+00:00,-0.1027182308,-0.06349844948
2026-05-05 00:00:00+00:00,-0.1027182308,-0.06349844948
2026-05-06 00:00:00+00:00,-0.1027182308,-0.06349844948
2026-05-07 00:00:00+00:00,-0.1027182308,-0.06349844948
2026-05-08 00:00:00+00:00,-0.1027182308,-0.06349844948
2026-05-09 00:00:00+00:00,-0.1027182308,-0.06349844948
2026-05-10 00:00:00+00:00,-0.1027182308,-0.06349844948
2026-05-11 00:00:00+00:00,-0.1027182308,-0.06349844948
2026-05-12 00:00:00+00:00,-0.1027182308,-0.06349844948
2026-05-13 00:00:00+00:00,-0.1027182308,-0.06349844948
2026-05-14 00:00:00+00:00,-0.1027182308,-0.06349844948
2026-05-15 00:00:00+00:00,-0.1027182308,-0.06349844948
2026-05-16 00:00:00+00:00,-0.1027182308,-0.06349844948
2026-05-17 00:00:00+00:00,-0.1027182308,-0.06349844948
2026-05-18 00:00:00+00:00,-0.1027182308,-0.06349844948
2026-05-19 00:00:00+00:00,-0.1027182308,-0.06349844948
2026-05-20 00:00:00+00:00,-0.1027182308,-0.06349844948
2026-05-21 00:00:00+00:00,-0.1027182308,-0.06349844948
2026-05-22 00:00:00+00:00,-0.1027182308,-0.06349844948
2026-05-23 00:00:00+00:00,-0.1027182308,-0.06349844948
2026-05-24 00:00:00+00:00,-0.1027182308,-0.06349844948
2026-05-25 00:00:00+00:00,-0.1027182308,-0.06349844948
2026-05-26 00:00:00+00:00,-0.1027182308,-0.06349844948
2026-05-27 00:00:00+00:00,-0.1027182308,-0.06349844948
2026-05-28 00:00:00+00:00,-0.1178281912,-0.07283913853
2026-05-29 00:00:00+00:00,-0.1190220794,-0.07357717741
2026-05-30 00:00:00+00:00,-0.09546831231,-0.05901668824
2026-05-31 00:00:00+00:00,-0.1008863915,-0.06236604139
2026-06-01 00:00:00+00:00,-0.1008863915,-0.06236604139
2026-06-02 00:00:00+00:00,-0.1008863915,-0.06236604139
2026-06-03 00:00:00+00:00,-0.1008863915,-0.06236604139
2026-06-04 00:00:00+00:00,-0.1008863915,-0.06236604139
2026-06-05 00:00:00+00:00,-0.1008863915,-0.06236604139
2026-06-06 00:00:00+00:00,-0.1008863915,-0.06236604139
2026-06-07 00:00:00+00:00,-0.1008863915,-0.06236604139
2026-06-08 00:00:00+00:00,-0.1008863915,-0.06236604139
2026-06-09 00:00:00+00:00,-0.1008863915,-0.06236604139
2026-06-10 00:00:00+00:00,-0.1008863915,-0.06236604139
2026-06-11 00:00:00+00:00,-0.1008863915,-0.06236604139
2026-06-12 00:00:00+00:00,-0.1008863915,-0.06236604139
2026-06-13 00:00:00+00:00,-0.1008863915,-0.06236604139
2026-06-14 00:00:00+00:00,-0.1008863915,-0.06236604139
2026-06-15 00:00:00+00:00,-0.1008863915,-0.06236604139
2026-06-16 00:00:00+00:00,-0.1008863915,-0.06236604139
2026-06-17 00:00:00+00:00,-0.1008863915,-0.06236604139
2026-06-18 00:00:00+00:00,-0.1008863915,-0.06236604139
2026-06-19 00:00:00+00:00,-0.1008863915,-0.06236604139
2026-06-20 00:00:00+00:00,-0.09085803926,-0.05616670545
2026-06-21 00:00:00+00:00,-0.1031873858,-0.06378847212
2026-06-22 00:00:00+00:00,-0.1031873858,-0.06378847212
2026-06-23 00:00:00+00:00,-0.1031873858,-0.06378847212
2026-06-24 00:00:00+00:00,-0.1412906917,-0.08734320849
2026-06-25 00:00:00+00:00,-0.1679321401,-0.1038124433
2026-06-26 00:00:00+00:00,-0.1397178978,-0.08637093727
2026-06-27 00:00:00+00:00,-0.156860806,-0.09696835588
2026-06-28 00:00:00+00:00,-0.1644518496,-0.1016609942
2026-06-29 00:00:00+00:00,-0.1644518496,-0.1016609942
2026-06-30 00:00:00+00:00,-0.1644518496,-0.1016609942
2026-07-01 00:00:00+00:00,-0.1644518496,-0.1016609942
2026-07-02 00:00:00+00:00,-0.1644518496,-0.1016609942
2026-07-03 00:00:00+00:00,-0.1644518496,-0.1016609942
2026-07-04 00:00:00+00:00,-0.1644518496,-0.1016609942
2026-07-05 00:00:00+00:00,-0.1644518496,-0.1016609942
2026-07-06 00:00:00+00:00,-0.1644518496,-0.1016609942
2026-07-07 00:00:00+00:00,-0.1644518496,-0.1016609942
2026-07-08 00:00:00+00:00,-0.1644518496,-0.1016609942
2026-07-09 00:00:00+00:00,-0.1644518496,-0.1016609942
2026-07-10 00:00:00+00:00,-0.1644518496,-0.1016609942
2026-07-11 00:00:00+00:00,-0.1644518496,-0.1016609942
2026-07-12 00:00:00+00:00,-0.1644518496,-0.1016609942
2026-07-13 00:00:00+00:00,-0.1644518496,-0.1016609942
2026-07-14 00:00:00+00:00,-0.1644518496,-0.1016609942
2026-07-15 00:00:00+00:00,-0.1644518496,-0.1016609942
2026-07-16 00:00:00+00:00,-0.1644518496,-0.1016609942
2026-07-17 00:00:00+00:00,-0.1644518496,-0.1016609942
2026-07-18 00:00:00+00:00,-0.1644518496,-0.1016609942
2026-07-19 00:00:00+00:00,-0.1644518496,-0.1016609942
2026-07-20 00:00:00+00:00,-0.1644518496,-0.1016609942
2026-07-21 00:00:00+00:00,-0.1644518496,-0.1016609942
2026-07-22 00:00:00+00:00,-0.1644518496,-0.1016609942
2026-07-23 00:00:00+00:00,-0.1644518496,-0.1016609942
2026-07-24 00:00:00+00:00,-0.1644518496,-0.1016609942
2026-07-25 00:00:00+00:00,-0.1644518496,-0.1016609942
2026-07-26 00:00:00+00:00,-0.1644518496,-0.1016609942
2026-07-27 00:00:00+00:00,-0.1644518496,-0.1016609942
2026-07-28 00:00:00+00:00,-0.1644518496,-0.1016609942
2026-07-29 00:00:00+00:00,-0.1644518496,-0.1016609942
2026-07-30 00:00:00+00:00,-0.1644518496,-0.1016609942
2026-07-31 00:00:00+00:00,-0.1882579668,-0.1163774814
2026-08-01 00:00:00+00:00,-0.1909236151,-0.1180253343
2026-08-02 00:00:00+00:00,-0.1943954334,-0.120171546
2026-08-03 00:00:00+00:00,-0.1943954334,-0.120171546
2026-08-04 00:00:00+00:00,-0.1943954334,-0.120171546
