date,broad_original_exit_1x,core3_original_exit_1x,core3_fixed_1d_1x,core3_fixed_2d_1x,core3_fixed_3d_1x,core3_fixed_5d_1x,core3_fixed_7d_1x
2025-11-15 00:00:00+00:00,0,0,0,0,0,0,0
2025-11-16 00:00:00+00:00,0,0,0,0,0,0,0
2025-11-17 00:00:00+00:00,0,0,0,0,0,0,0
2025-11-18 00:00:00+00:00,0,0,0,0,0,0,0
2025-11-19 00:00:00+00:00,0,0,0,0,0,0,0
2025-11-20 00:00:00+00:00,0,0,0,0,0,0,0
2025-11-21 00:00:00+00:00,0,0,0,0,0,0,0
2025-11-22 00:00:00+00:00,0,0,0,0,0,0,0
2025-11-23 00:00:00+00:00,0,0,0,0,0,0,0
2025-11-24 00:00:00+00:00,0,0,0,0,0,0,0
2025-11-25 00:00:00+00:00,0,0,0,0,0,0,0
2025-11-26 00:00:00+00:00,0,0,0,0,0,0,0
2025-11-27 00:00:00+00:00,0,0,0,0,0,0,0
2025-11-28 00:00:00+00:00,-0.01615498752,-0.01322832426,-0.02299512542,-0.01326016593,-0.0134624718,-0.01016163641,-0.007466729856
2025-11-29 00:00:00+00:00,-0.02444432111,-0.02402778937,-0.03178623539,-0.02408562623,-0.02445309249,-0.01845748974,-0.01356248975
2025-11-30 00:00:00+00:00,-0.02893372626,-0.02835630928,-0.03178623539,-0.02842456525,-0.02842218271,-0.02145340701,-0.0157638778
2025-12-01 00:00:00+00:00,-0.02893372626,-0.02835630928,-0.03178623539,-0.02842456525,-0.0322779712,-0.05644577359,-0.04147612901
2025-12-02 00:00:00+00:00,-0.02893372626,-0.02835630928,-0.03178623539,-0.02842456525,-0.0322779712,-0.01042720598,-0.00766186931
2025-12-03 00:00:00+00:00,-0.02893372626,-0.02835630928,-0.03178623539,-0.02842456525,-0.0322779712,-0.0138858702,0.01588110746
2025-12-04 00:00:00+00:00,-0.02893372626,-0.02835630928,-0.03178623539,-0.02842456525,-0.0322779712,-0.0138858702,0.003828693486
2025-12-05 00:00:00+00:00,-0.02893372626,-0.02835630928,-0.03178623539,-0.02842456525,-0.0322779712,-0.0138858702,0.001898228204
2025-12-06 00:00:00+00:00,-0.02893372626,-0.02835630928,-0.03178623539,-0.02842456525,-0.0322779712,-0.0138858702,0.001898228204
2025-12-07 00:00:00+00:00,-0.02893372626,-0.02835630928,-0.03178623539,-0.02842456525,-0.0322779712,-0.0138858702,0.001898228204
2025-12-08 00:00:00+00:00,-0.02893372626,-0.02835630928,-0.03178623539,-0.02842456525,-0.0322779712,-0.0138858702,0.001898228204
2025-12-09 00:00:00+00:00,-0.02893372626,-0.02835630928,-0.03178623539,-0.02842456525,-0.0322779712,-0.0138858702,0.001898228204
2025-12-10 00:00:00+00:00,-0.02893372626,-0.02835630928,-0.03178623539,-0.02842456525,-0.0322779712,-0.0138858702,0.001898228204
2025-12-11 00:00:00+00:00,-0.02893372626,-0.02835630928,-0.03178623539,-0.02842456525,-0.0322779712,-0.0138858702,0.001898228204
2025-12-12 00:00:00+00:00,-0.02893372626,-0.02835630928,-0.03178623539,-0.02842456525,-0.0322779712,-0.0138858702,0.001898228204
2025-12-13 00:00:00+00:00,-0.02893372626,-0.02835630928,-0.03178623539,-0.02842456525,-0.0322779712,-0.0138858702,0.001898228204
2025-12-14 00:00:00+00:00,-0.02893372626,-0.02835630928,-0.03178623539,-0.02842456525,-0.0322779712,-0.0138858702,0.001898228204
2025-12-15 00:00:00+00:00,-0.02893372626,-0.02835630928,-0.03178623539,-0.02842456525,-0.0322779712,-0.0138858702,0.001898228204
2025-12-16 00:00:00+00:00,-0.02893372626,-0.02835630928,-0.03178623539,-0.02842456525,-0.0322779712,-0.0138858702,0.001898228204
2025-12-17 00:00:00+00:00,-0.02893372626,-0.02835630928,-0.03178623539,-0.02842456525,-0.0322779712,-0.0138858702,0.001898228204
2025-12-18 00:00:00+00:00,-0.02893372626,-0.02835630928,-0.03178623539,-0.02842456525,-0.0322779712,-0.0138858702,0.001898228204
2025-12-19 00:00:00+00:00,-0.02893372626,-0.02835630928,-0.03178623539,-0.02842456525,-0.0322779712,-0.0138858702,0.001898228204
2025-12-20 00:00:00+00:00,-0.02893372626,-0.02835630928,-0.03178623539,-0.02842456525,-0.0322779712,-0.0138858702,0.001898228204
2025-12-21 00:00:00+00:00,-0.02893372626,-0.02835630928,-0.03178623539,-0.02842456525,-0.0322779712,-0.0138858702,0.001898228204
2025-12-22 00:00:00+00:00,-0.02893372626,-0.02835630928,-0.03178623539,-0.02842456525,-0.0322779712,-0.0138858702,0.001898228204
2025-12-23 00:00:00+00:00,-0.02893372626,-0.02835630928,-0.03178623539,-0.02842456525,-0.0322779712,-0.0138858702,0.001898228204
2025-12-24 00:00:00+00:00,-0.02893372626,-0.02835630928,-0.03178623539,-0.02842456525,-0.0322779712,-0.0138858702,0.001898228204
2025-12-25 00:00:00+00:00,-0.02893372626,-0.02835630928,-0.03178623539,-0.02842456525,-0.0322779712,-0.0138858702,0.001898228204
2025-12-26 00:00:00+00:00,-0.02893372626,-0.02835630928,-0.03178623539,-0.02842456525,-0.0322779712,-0.0138858702,0.001898228204
2025-12-27 00:00:00+00:00,-0.02893372626,-0.02835630928,-0.03178623539,-0.02842456525,-0.0322779712,-0.0138858702,0.001898228204
2025-12-28 00:00:00+00:00,-0.02893372626,-0.02835630928,-0.03178623539,-0.02842456525,-0.0322779712,-0.0138858702,0.001898228204
2025-12-29 00:00:00+00:00,-0.02893372626,-0.02835630928,-0.03178623539,-0.02842456525,-0.0322779712,-0.0138858702,0.001898228204
2025-12-30 00:00:00+00:00,-0.02893372626,-0.02835630928,-0.03178623539,-0.02842456525,-0.0322779712,-0.0138858702,0.001898228204
2025-12-31 00:00:00+00:00,-0.02893372626,-0.02835630928,-0.03178623539,-0.02842456525,-0.0322779712,-0.0138858702,0.001898228204
2026-01-01 00:00:00+00:00,-0.02893372626,-0.02835630928,-0.03178623539,-0.02842456525,-0.0322779712,-0.0138858702,0.001898228204
2026-01-02 00:00:00+00:00,-0.02893372626,-0.02835630928,-0.03178623539,-0.02842456525,-0.0322779712,-0.0138858702,0.001898228204
2026-01-03 00:00:00+00:00,-0.02893372626,-0.02835630928,-0.03178623539,-0.02842456525,-0.0322779712,-0.0138858702,0.001898228204
2026-01-04 00:00:00+00:00,-0.02893372626,-0.02835630928,-0.03178623539,-0.02842456525,-0.0322779712,-0.0138858702,0.001898228204
2026-01-05 00:00:00+00:00,-0.02893372626,-0.02835630928,-0.03178623539,-0.02842456525,-0.0322779712,-0.0138858702,0.001898228204
2026-01-06 00:00:00+00:00,-0.02893372626,-0.02835630928,-0.03178623539,-0.02842456525,-0.0322779712,-0.0138858702,0.001898228204
2026-01-07 00:00:00+00:00,-0.02893372626,-0.02835630928,-0.03178623539,-0.02842456525,-0.0322779712,-0.0138858702,0.001898228204
2026-01-08 00:00:00+00:00,-0.02893372626,-0.02835630928,-0.03178623539,-0.02842456525,-0.0322779712,-0.0138858702,0.001898228204
2026-01-09 00:00:00+00:00,-0.02893372626,-0.02835630928,-0.03178623539,-0.02842456525,-0.0322779712,-0.0138858702,0.001898228204
2026-01-10 00:00:00+00:00,-0.02893372626,-0.02835630928,-0.03178623539,-0.02842456525,-0.0322779712,-0.0138858702,0.001898228204
2026-01-11 00:00:00+00:00,-0.02893372626,-0.02835630928,-0.03178623539,-0.02842456525,-0.0322779712,-0.0138858702,0.001898228204
2026-01-12 00:00:00+00:00,-0.02893372626,-0.02835630928,-0.03178623539,-0.02842456525,-0.0322779712,-0.0138858702,0.001898228204
2026-01-13 00:00:00+00:00,-0.02893372626,-0.02835630928,-0.03178623539,-0.02842456525,-0.0322779712,-0.0138858702,0.001898228204
2026-01-14 00:00:00+00:00,-0.02893372626,-0.02835630928,-0.03178623539,-0.02842456525,-0.0322779712,-0.0138858702,0.001898228204
2026-01-15 00:00:00+00:00,-0.02893372626,-0.02835630928,-0.03178623539,-0.02842456525,-0.0322779712,-0.0138858702,0.001898228204
2026-01-16 00:00:00+00:00,-0.02893372626,-0.02835630928,-0.03178623539,-0.02842456525,-0.0322779712,-0.0138858702,0.001898228204
2026-01-17 00:00:00+00:00,-0.02893372626,-0.02835630928,-0.03178623539,-0.02842456525,-0.0322779712,-0.0138858702,0.001898228204
2026-01-18 00:00:00+00:00,-0.02893372626,-0.02835630928,-0.03178623539,-0.02842456525,-0.0322779712,-0.0138858702,0.001898228204
2026-01-19 00:00:00+00:00,-0.02893372626,-0.02835630928,-0.03178623539,-0.02842456525,-0.0322779712,-0.0138858702,0.001898228204
2026-01-20 00:00:00+00:00,-0.02893372626,-0.02835630928,-0.03178623539,-0.02842456525,-0.0322779712,-0.0138858702,0.001898228204
2026-01-21 00:00:00+00:00,-0.02893372626,-0.02835630928,-0.03178623539,-0.02842456525,-0.0322779712,-0.0138858702,0.001898228204
2026-01-22 00:00:00+00:00,-0.02893372626,-0.02835630928,-0.03178623539,-0.02842456525,-0.0322779712,-0.0138858702,0.001898228204
2026-01-23 00:00:00+00:00,-0.02893372626,-0.02835630928,-0.03178623539,-0.02842456525,-0.0322779712,-0.0138858702,0.001898228204
2026-01-24 00:00:00+00:00,-0.02893372626,-0.02835630928,-0.03178623539,-0.02842456525,-0.0322779712,-0.0138858702,0.001898228204
2026-01-25 00:00:00+00:00,-0.02893372626,-0.02835630928,-0.03178623539,-0.02842456525,-0.0322779712,-0.0138858702,0.001898228204
2026-01-26 00:00:00+00:00,-0.02893372626,-0.02835630928,-0.03178623539,-0.02842456525,-0.0322779712,-0.0138858702,0.001898228204
2026-01-27 00:00:00+00:00,-0.02893372626,-0.02835630928,-0.03178623539,-0.02842456525,-0.0322779712,-0.0138858702,0.001898228204
2026-01-28 00:00:00+00:00,-0.02893372626,-0.02835630928,-0.03178623539,-0.02842456525,-0.0322779712,-0.0138858702,0.001898228204
2026-01-29 00:00:00+00:00,-0.02893372626,-0.02835630928,-0.03178623539,-0.02842456525,-0.0322779712,-0.0138858702,0.001898228204
2026-01-30 00:00:00+00:00,-0.02893372626,-0.02835630928,-0.03178623539,-0.02842456525,-0.0322779712,-0.0138858702,0.001898228204
2026-01-31 00:00:00+00:00,-0.02893372626,-0.02835630928,-0.03178623539,-0.02842456525,-0.0322779712,-0.0138858702,0.001898228204
2026-02-01 00:00:00+00:00,-0.02893372626,-0.02835630928,-0.03178623539,-0.02842456525,-0.0322779712,-0.0138858702,0.001898228204
2026-02-02 00:00:00+00:00,-0.02893372626,-0.02835630928,-0.03178623539,-0.02842456525,-0.0322779712,-0.0138858702,0.001898228204
2026-02-03 00:00:00+00:00,-0.02893372626,-0.02835630928,-0.03178623539,-0.02842456525,-0.0322779712,-0.0138858702,0.001898228204
2026-02-04 00:00:00+00:00,-0.02893372626,-0.02835630928,-0.03178623539,-0.02842456525,-0.0322779712,-0.0138858702,0.001898228204
2026-02-05 00:00:00+00:00,-0.02893372626,-0.02835630928,-0.03178623539,-0.02842456525,-0.0322779712,-0.0138858702,0.001898228204
2026-02-06 00:00:00+00:00,-0.02893372626,-0.02835630928,-0.03178623539,-0.02842456525,-0.0322779712,-0.0138858702,0.001898228204
2026-02-07 00:00:00+00:00,-0.02893372626,-0.02835630928,-0.03178623539,-0.02842456525,-0.0322779712,-0.0138858702,0.001898228204
2026-02-08 00:00:00+00:00,-0.02893372626,-0.02835630928,-0.03178623539,-0.02842456525,-0.0322779712,-0.0138858702,0.001898228204
2026-02-09 00:00:00+00:00,-0.02893372626,-0.02835630928,-0.03178623539,-0.02842456525,-0.0322779712,-0.0138858702,0.001898228204
2026-02-10 00:00:00+00:00,-0.02893372626,-0.02835630928,-0.03178623539,-0.02842456525,-0.0322779712,-0.0138858702,0.001898228204
2026-02-11 00:00:00+00:00,-0.02893372626,-0.02835630928,-0.03178623539,-0.02842456525,-0.0322779712,-0.0138858702,0.001898228204
2026-02-12 00:00:00+00:00,-0.02893372626,-0.02835630928,-0.03178623539,-0.02842456525,-0.0322779712,-0.0138858702,0.001898228204
2026-02-13 00:00:00+00:00,-0.02893372626,-0.02835630928,-0.03178623539,-0.02842456525,-0.0322779712,-0.0138858702,0.001898228204
2026-02-14 00:00:00+00:00,-0.02893372626,-0.02835630928,-0.03178623539,-0.02842456525,-0.0322779712,-0.0138858702,0.001898228204
2026-02-15 00:00:00+00:00,-0.02893372626,-0.02835630928,-0.03178623539,-0.02842456525,-0.0322779712,-0.0138858702,0.001898228204
2026-02-16 00:00:00+00:00,-0.02893372626,-0.02835630928,-0.03178623539,-0.02842456525,-0.0322779712,-0.0138858702,0.001898228204
2026-02-17 00:00:00+00:00,-0.02893372626,-0.02835630928,-0.03178623539,-0.02842456525,-0.0322779712,-0.0138858702,0.001898228204
2026-02-18 00:00:00+00:00,-0.02893372626,-0.02835630928,-0.03178623539,-0.02842456525,-0.0322779712,-0.0138858702,0.001898228204
2026-02-19 00:00:00+00:00,-0.02893372626,-0.02835630928,-0.03178623539,-0.02842456525,-0.0322779712,-0.0138858702,0.001898228204
2026-02-20 00:00:00+00:00,-0.02893372626,-0.02835630928,-0.03178623539,-0.02842456525,-0.0322779712,-0.0138858702,0.001898228204
2026-02-21 00:00:00+00:00,-0.0356948141,-0.03284611575,-0.03959097777,-0.03292517905,-0.03684724935,-0.01733481657,-0.0006360438147
2026-02-22 00:00:00+00:00,-0.0419924159,-0.04168531767,-0.05495638254,-0.04712520254,-0.05126391779,-0.02821669214,-0.008632002528
2026-02-23 00:00:00+00:00,-0.0419924159,-0.04168531767,-0.05495638254,-0.05524976467,-0.08956957407,-0.05713026445,-0.02987758
2026-02-24 00:00:00+00:00,-0.0419924159,-0.04168531767,-0.05495638254,-0.05524976467,-0.09791215551,-0.05947280799,-0.03159887163
2026-02-25 00:00:00+00:00,-0.0419924159,-0.04168531767,-0.05495638254,-0.05524976467,-0.09791215551,0.002699865565,0.01408536061
2026-02-26 00:00:00+00:00,-0.0419924159,-0.04168531767,-0.05495638254,-0.05524976467,-0.09791215551,-0.003973044505,0.006888231308
2026-02-27 00:00:00+00:00,-0.0419924159,-0.04168531767,-0.05495638254,-0.05524976467,-0.09791215551,-0.003973044505,-0.01035465979
2026-02-28 00:00:00+00:00,-0.0419924159,-0.04168531767,-0.05495638254,-0.05524976467,-0.09791215551,-0.003973044505,-0.01347302303
2026-03-01 00:00:00+00:00,-0.0419924159,-0.04168531767,-0.05495638254,-0.05524976467,-0.09791215551,-0.003973044505,-0.01347302303
2026-03-02 00:00:00+00:00,-0.0419924159,-0.04168531767,-0.05495638254,-0.05524976467,-0.09791215551,-0.003973044505,-0.01347302303
2026-03-03 00:00:00+00:00,-0.0419924159,-0.04168531767,-0.05495638254,-0.05524976467,-0.09791215551,-0.003973044505,-0.01347302303
2026-03-04 00:00:00+00:00,-0.0419924159,-0.04168531767,-0.05495638254,-0.05524976467,-0.09791215551,-0.003973044505,-0.01347302303
2026-03-05 00:00:00+00:00,-0.0419924159,-0.04168531767,-0.05495638254,-0.05524976467,-0.09791215551,-0.003973044505,-0.01347302303
2026-03-06 00:00:00+00:00,-0.0419924159,-0.04168531767,-0.05495638254,-0.05524976467,-0.09791215551,-0.003973044505,-0.01347302303
2026-03-07 00:00:00+00:00,-0.0419924159,-0.04168531767,-0.05495638254,-0.05524976467,-0.09791215551,-0.003973044505,-0.01347302303
2026-03-08 00:00:00+00:00,-0.0419924159,-0.04168531767,-0.05495638254,-0.05524976467,-0.09791215551,-0.003973044505,-0.01347302303
2026-03-09 00:00:00+00:00,-0.0419924159,-0.04168531767,-0.05495638254,-0.05524976467,-0.09791215551,-0.003973044505,-0.01347302303
2026-03-10 00:00:00+00:00,-0.0419924159,-0.04168531767,-0.05495638254,-0.05524976467,-0.09791215551,-0.003973044505,-0.01347302303
2026-03-11 00:00:00+00:00,-0.0419924159,-0.04168531767,-0.05495638254,-0.05524976467,-0.09791215551,-0.003973044505,-0.01347302303
2026-03-12 00:00:00+00:00,-0.0419924159,-0.04168531767,-0.05495638254,-0.05524976467,-0.09791215551,-0.003973044505,-0.01347302303
2026-03-13 00:00:00+00:00,-0.0419924159,-0.04168531767,-0.05495638254,-0.05524976467,-0.09791215551,-0.003973044505,-0.01347302303
2026-03-14 00:00:00+00:00,-0.0419924159,-0.04168531767,-0.05495638254,-0.05524976467,-0.09791215551,-0.003973044505,-0.01347302303
2026-03-15 00:00:00+00:00,-0.0419924159,-0.04168531767,-0.05495638254,-0.05524976467,-0.09791215551,-0.003973044505,-0.01347302303
2026-03-16 00:00:00+00:00,-0.0419924159,-0.04168531767,-0.05495638254,-0.05524976467,-0.09791215551,-0.003973044505,-0.01347302303
2026-03-17 00:00:00+00:00,-0.0419924159,-0.04168531767,-0.05495638254,-0.05524976467,-0.09791215551,-0.003973044505,-0.01347302303
2026-03-18 00:00:00+00:00,-0.0419924159,-0.04168531767,-0.05495638254,-0.05524976467,-0.09791215551,-0.003973044505,-0.01347302303
2026-03-19 00:00:00+00:00,-0.0419924159,-0.04168531767,-0.05495638254,-0.05524976467,-0.09791215551,-0.003973044505,-0.01347302303
2026-03-20 00:00:00+00:00,-0.0419924159,-0.04168531767,-0.05495638254,-0.05524976467,-0.09791215551,-0.003973044505,-0.01347302303
2026-03-21 00:00:00+00:00,-0.0419924159,-0.04168531767,-0.05495638254,-0.05524976467,-0.09791215551,-0.003973044505,-0.01347302303
2026-03-22 00:00:00+00:00,-0.05991058044,-0.05734352128,-0.08217542771,-0.07094565886,-0.1138475166,-0.01600124768,-0.02231129869
2026-03-23 00:00:00+00:00,-0.06349844948,-0.06250759386,-0.09115226366,-0.03665050784,-0.07902913611,0.01028008675,-0.002999879106
2026-03-24 00:00:00+00:00,-0.06349844948,-0.06250759386,-0.09115226366,-0.04280673239,-0.08099041691,0.008799688302,-0.004087669976
2026-03-25 00:00:00+00:00,-0.06349844948,-0.06250759386,-0.09115226366,-0.04280673239,-0.08687973178,0.01502370389,0.0004857118248
2026-03-26 00:00:00+00:00,-0.06349844948,-0.06250759386,-0.09115226366,-0.04280673239,-0.08687973178,-0.01273011541,-0.01990768377
2026-03-27 00:00:00+00:00,-0.06349844948,-0.06250759386,-0.09115226366,-0.04280673239,-0.08687973178,-0.01704787753,-0.03450693575
2026-03-28 00:00:00+00:00,-0.06349844948,-0.06250759386,-0.09115226366,-0.04280673239,-0.08687973178,-0.01704787753,-0.03701527469
2026-03-29 00:00:00+00:00,-0.06349844948,-0.06250759386,-0.09115226366,-0.04280673239,-0.08687973178,-0.01704787753,-0.04007932415
2026-03-30 00:00:00+00:00,-0.06349844948,-0.06250759386,-0.09115226366,-0.04280673239,-0.08687973178,-0.01704787753,-0.04007932415
2026-03-31 00:00:00+00:00,-0.06349844948,-0.06250759386,-0.09115226366,-0.04280673239,-0.08687973178,-0.01704787753,-0.04007932415
2026-04-01 00:00:00+00:00,-0.06349844948,-0.06250759386,-0.09115226366,-0.04280673239,-0.08687973178,-0.01704787753,-0.04007932415
2026-04-02 00:00:00+00:00,-0.06349844948,-0.06250759386,-0.09115226366,-0.04280673239,-0.08687973178,-0.01704787753,-0.04007932415
2026-04-03 00:00:00+00:00,-0.06349844948,-0.06250759386,-0.09115226366,-0.04280673239,-0.08687973178,-0.01704787753,-0.04007932415
2026-04-04 00:00:00+00:00,-0.06349844948,-0.06250759386,-0.09115226366,-0.04280673239,-0.08687973178,-0.01704787753,-0.04007932415
2026-04-05 00:00:00+00:00,-0.06349844948,-0.06250759386,-0.09115226366,-0.04280673239,-0.08687973178,-0.01704787753,-0.04007932415
2026-04-06 00:00:00+00:00,-0.06349844948,-0.06250759386,-0.09115226366,-0.04280673239,-0.08687973178,-0.01704787753,-0.04007932415
2026-04-07 00:00:00+00:00,-0.06349844948,-0.06250759386,-0.09115226366,-0.04280673239,-0.08687973178,-0.01704787753,-0.04007932415
2026-04-08 00:00:00+00:00,-0.06349844948,-0.06250759386,-0.09115226366,-0.04280673239,-0.08687973178,-0.01704787753,-0.04007932415
2026-04-09 00:00:00+00:00,-0.06349844948,-0.06250759386,-0.09115226366,-0.04280673239,-0.08687973178,-0.01704787753,-0.04007932415
2026-04-10 00:00:00+00:00,-0.06349844948,-0.06250759386,-0.09115226366,-0.04280673239,-0.08687973178,-0.01704787753,-0.04007932415
2026-04-11 00:00:00+00:00,-0.06349844948,-0.06250759386,-0.09115226366,-0.04280673239,-0.08687973178,-0.01704787753,-0.04007932415
2026-04-12 00:00:00+00:00,-0.06349844948,-0.06250759386,-0.09115226366,-0.04280673239,-0.08687973178,-0.01704787753,-0.04007932415
2026-04-13 00:00:00+00:00,-0.06349844948,-0.06250759386,-0.09115226366,-0.04280673239,-0.08687973178,-0.01704787753,-0.04007932415
2026-04-14 00:00:00+00:00,-0.06349844948,-0.06250759386,-0.09115226366,-0.04280673239,-0.08687973178,-0.01704787753,-0.04007932415
2026-04-15 00:00:00+00:00,-0.06349844948,-0.06250759386,-0.09115226366,-0.04280673239,-0.08687973178,-0.01704787753,-0.04007932415
2026-04-16 00:00:00+00:00,-0.06349844948,-0.06250759386,-0.09115226366,-0.04280673239,-0.08687973178,-0.01704787753,-0.04007932415
2026-04-17 00:00:00+00:00,-0.06349844948,-0.06250759386,-0.09115226366,-0.04280673239,-0.08687973178,-0.01704787753,-0.04007932415
2026-04-18 00:00:00+00:00,-0.06349844948,-0.06250759386,-0.09115226366,-0.04280673239,-0.08687973178,-0.01704787753,-0.04007932415
2026-04-19 00:00:00+00:00,-0.06349844948,-0.06250759386,-0.09115226366,-0.04280673239,-0.08687973178,-0.01704787753,-0.04007932415
2026-04-20 00:00:00+00:00,-0.06349844948,-0.06250759386,-0.09115226366,-0.04280673239,-0.08687973178,-0.01704787753,-0.04007932415
2026-04-21 00:00:00+00:00,-0.06349844948,-0.06250759386,-0.09115226366,-0.04280673239,-0.08687973178,-0.01704787753,-0.04007932415
2026-04-22 00:00:00+00:00,-0.06349844948,-0.06250759386,-0.09115226366,-0.04280673239,-0.08687973178,-0.01704787753,-0.04007932415
2026-04-23 00:00:00+00:00,-0.06349844948,-0.06250759386,-0.09115226366,-0.04280673239,-0.08687973178,-0.01704787753,-0.04007932415
2026-04-24 00:00:00+00:00,-0.06349844948,-0.06250759386,-0.09115226366,-0.04280673239,-0.08687973178,-0.01704787753,-0.04007932415
2026-04-25 00:00:00+00:00,-0.06349844948,-0.06250759386,-0.09115226366,-0.04280673239,-0.08687973178,-0.01704787753,-0.04007932415
2026-04-26 00:00:00+00:00,-0.06349844948,-0.06250759386,-0.09115226366,-0.04280673239,-0.08687973178,-0.01704787753,-0.04007932415
2026-04-27 00:00:00+00:00,-0.06349844948,-0.06250759386,-0.09115226366,-0.04280673239,-0.08687973178,-0.01704787753,-0.04007932415
2026-04-28 00:00:00+00:00,-0.06349844948,-0.06250759386,-0.09115226366,-0.04280673239,-0.08687973178,-0.01704787753,-0.04007932415
2026-04-29 00:00:00+00:00,-0.06349844948,-0.06250759386,-0.09115226366,-0.04280673239,-0.08687973178,-0.01704787753,-0.04007932415
2026-04-30 00:00:00+00:00,-0.06349844948,-0.06250759386,-0.09115226366,-0.04280673239,-0.08687973178,-0.01704787753,-0.04007932415
2026-05-01 00:00:00+00:00,-0.06349844948,-0.06250759386,-0.09115226366,-0.04280673239,-0.08687973178,-0.01704787753,-0.04007932415
2026-05-02 00:00:00+00:00,-0.06349844948,-0.06250759386,-0.09115226366,-0.04280673239,-0.08687973178,-0.01704787753,-0.04007932415
2026-05-03 00:00:00+00:00,-0.06349844948,-0.06250759386,-0.09115226366,-0.04280673239,-0.08687973178,-0.01704787753,-0.04007932415
2026-05-04 00:00:00+00:00,-0.06349844948,-0.06250759386,-0.09115226366,-0.04280673239,-0.08687973178,-0.01704787753,-0.04007932415
2026-05-05 00:00:00+00:00,-0.06349844948,-0.06250759386,-0.09115226366,-0.04280673239,-0.08687973178,-0.01704787753,-0.04007932415
2026-05-06 00:00:00+00:00,-0.06349844948,-0.06250759386,-0.09115226366,-0.04280673239,-0.08687973178,-0.01704787753,-0.04007932415
2026-05-07 00:00:00+00:00,-0.06349844948,-0.06250759386,-0.09115226366,-0.04280673239,-0.08687973178,-0.01704787753,-0.04007932415
2026-05-08 00:00:00+00:00,-0.06349844948,-0.06250759386,-0.09115226366,-0.04280673239,-0.08687973178,-0.01704787753,-0.04007932415
2026-05-09 00:00:00+00:00,-0.06349844948,-0.06250759386,-0.09115226366,-0.04280673239,-0.08687973178,-0.01704787753,-0.04007932415
2026-05-10 00:00:00+00:00,-0.06349844948,-0.06250759386,-0.09115226366,-0.04280673239,-0.08687973178,-0.01704787753,-0.04007932415
2026-05-11 00:00:00+00:00,-0.06349844948,-0.06250759386,-0.09115226366,-0.04280673239,-0.08687973178,-0.01704787753,-0.04007932415
2026-05-12 00:00:00+00:00,-0.06349844948,-0.06250759386,-0.09115226366,-0.04280673239,-0.08687973178,-0.01704787753,-0.04007932415
2026-05-13 00:00:00+00:00,-0.06349844948,-0.06250759386,-0.09115226366,-0.04280673239,-0.08687973178,-0.01704787753,-0.04007932415
2026-05-14 00:00:00+00:00,-0.06349844948,-0.06250759386,-0.09115226366,-0.04280673239,-0.08687973178,-0.01704787753,-0.04007932415
2026-05-15 00:00:00+00:00,-0.06349844948,-0.06250759386,-0.09115226366,-0.04280673239,-0.08687973178,-0.01704787753,-0.04007932415
2026-05-16 00:00:00+00:00,-0.06349844948,-0.06250759386,-0.09115226366,-0.04280673239,-0.08687973178,-0.01704787753,-0.04007932415
2026-05-17 00:00:00+00:00,-0.06349844948,-0.06250759386,-0.09115226366,-0.04280673239,-0.08687973178,-0.01704787753,-0.04007932415
2026-05-18 00:00:00+00:00,-0.06349844948,-0.06250759386,-0.09115226366,-0.04280673239,-0.08687973178,-0.01704787753,-0.04007932415
2026-05-19 00:00:00+00:00,-0.06349844948,-0.06250759386,-0.09115226366,-0.04280673239,-0.08687973178,-0.01704787753,-0.04007932415
2026-05-20 00:00:00+00:00,-0.06349844948,-0.06250759386,-0.09115226366,-0.04280673239,-0.08687973178,-0.01704787753,-0.04007932415
2026-05-21 00:00:00+00:00,-0.06349844948,-0.06250759386,-0.09115226366,-0.04280673239,-0.08687973178,-0.01704787753,-0.04007932415
2026-05-22 00:00:00+00:00,-0.06349844948,-0.06250759386,-0.09115226366,-0.04280673239,-0.08687973178,-0.01704787753,-0.04007932415
2026-05-23 00:00:00+00:00,-0.06349844948,-0.06250759386,-0.09115226366,-0.04280673239,-0.08687973178,-0.01704787753,-0.04007932415
2026-05-24 00:00:00+00:00,-0.06349844948,-0.06250759386,-0.09115226366,-0.04280673239,-0.08687973178,-0.01704787753,-0.04007932415
2026-05-25 00:00:00+00:00,-0.06349844948,-0.06250759386,-0.09115226366,-0.04280673239,-0.08687973178,-0.01704787753,-0.04007932415
2026-05-26 00:00:00+00:00,-0.06349844948,-0.06250759386,-0.09115226366,-0.04280673239,-0.08687973178,-0.01704787753,-0.04007932415
2026-05-27 00:00:00+00:00,-0.06349844948,-0.06250759386,-0.09115226366,-0.04280673239,-0.08687973178,-0.01704787753,-0.04007932415
2026-05-28 00:00:00+00:00,-0.07283913853,-0.07080235838,-0.1055712593,-0.05112146309,-0.09532131751,-0.02341968847,-0.04476130538
2026-05-29 00:00:00+00:00,-0.07357717741,-0.06840429999,-0.1089615745,-0.04871763237,-0.09288081237,-0.02157756569,-0.04340772091
2026-05-30 00:00:00+00:00,-0.05901668824,-0.03380675658,-0.1089615745,-0.05114963615,-0.05767087624,0.004999319637,-0.02387913171
2026-05-31 00:00:00+00:00,-0.06236604139,-0.03656947923,-0.1089615745,-0.05114963615,-0.06048250038,0.000246348701,-0.02737159578
2026-06-01 00:00:00+00:00,-0.06236604139,-0.03656947923,-0.1089615745,-0.05114963615,-0.06048250038,-0.007704132591,-0.03321357768
2026-06-02 00:00:00+00:00,-0.06236604139,-0.03656947923,-0.1089615745,-0.05114963615,-0.06048250038,-0.0103407632,-0.06648603081
2026-06-03 00:00:00+00:00,-0.06236604139,-0.03656947923,-0.1089615745,-0.05114963615,-0.06048250038,-0.0103407632,-0.08267354984
2026-06-04 00:00:00+00:00,-0.06236604139,-0.03656947923,-0.1089615745,-0.05114963615,-0.06048250038,-0.0103407632,-0.08547908099
2026-06-05 00:00:00+00:00,-0.06236604139,-0.03656947923,-0.1089615745,-0.05114963615,-0.06048250038,-0.0103407632,-0.08547908099
2026-06-06 00:00:00+00:00,-0.06236604139,-0.03656947923,-0.1089615745,-0.05114963615,-0.06048250038,-0.0103407632,-0.08547908099
2026-06-07 00:00:00+00:00,-0.06236604139,-0.03656947923,-0.1089615745,-0.05114963615,-0.06048250038,-0.0103407632,-0.08547908099
2026-06-08 00:00:00+00:00,-0.06236604139,-0.03656947923,-0.1089615745,-0.05114963615,-0.06048250038,-0.0103407632,-0.08547908099
2026-06-09 00:00:00+00:00,-0.06236604139,-0.03656947923,-0.1089615745,-0.05114963615,-0.06048250038,-0.0103407632,-0.08547908099
2026-06-10 00:00:00+00:00,-0.06236604139,-0.03656947923,-0.1089615745,-0.05114963615,-0.06048250038,-0.0103407632,-0.08547908099
2026-06-11 00:00:00+00:00,-0.06236604139,-0.03656947923,-0.1089615745,-0.05114963615,-0.06048250038,-0.0103407632,-0.08547908099
2026-06-12 00:00:00+00:00,-0.06236604139,-0.03656947923,-0.1089615745,-0.05114963615,-0.06048250038,-0.0103407632,-0.08547908099
2026-06-13 00:00:00+00:00,-0.06236604139,-0.03656947923,-0.1089615745,-0.05114963615,-0.06048250038,-0.0103407632,-0.08547908099
2026-06-14 00:00:00+00:00,-0.06236604139,-0.03656947923,-0.1089615745,-0.05114963615,-0.06048250038,-0.0103407632,-0.08547908099
2026-06-15 00:00:00+00:00,-0.06236604139,-0.03656947923,-0.1089615745,-0.05114963615,-0.06048250038,-0.0103407632,-0.08547908099
2026-06-16 00:00:00+00:00,-0.06236604139,-0.03656947923,-0.1089615745,-0.05114963615,-0.06048250038,-0.0103407632,-0.08547908099
2026-06-17 00:00:00+00:00,-0.06236604139,-0.03656947923,-0.1089615745,-0.05114963615,-0.06048250038,-0.0103407632,-0.08547908099
2026-06-18 00:00:00+00:00,-0.06236604139,-0.03656947923,-0.1089615745,-0.05114963615,-0.06048250038,-0.0103407632,-0.08547908099
2026-06-19 00:00:00+00:00,-0.06236604139,-0.03656947923,-0.1089615745,-0.05114963615,-0.06048250038,-0.0103407632,-0.08547908099
2026-06-20 00:00:00+00:00,-0.05616670545,-0.02437112133,-0.08775686522,-0.03892191579,-0.04806822583,-0.0009703187302,-0.07859371582
2026-06-21 00:00:00+00:00,-0.06378847212,-0.03332982259,-0.1033299987,-0.04888953357,-0.05818791618,-0.008608783315,-0.08420642909
2026-06-22 00:00:00+00:00,-0.06378847212,-0.03332982259,-0.1033299987,-0.05730546264,-0.05407785663,-0.005506460691,-0.08192685482
2026-06-23 00:00:00+00:00,-0.06378847212,-0.03332982259,-0.1033299987,-0.05730546264,-0.06231501024,-0.02334639764,-0.09503556924
2026-06-24 00:00:00+00:00,-0.08734320849,-0.06131274973,-0.1519734176,-0.08535574699,-0.09079324829,-0.03849779137,-0.1061687528
2026-06-25 00:00:00+00:00,-0.1038124433,-0.07385864252,-0.1653303793,-0.09793183878,-0.1035612093,-0.04440028531,-0.1132502841
2026-06-26 00:00:00+00:00,-0.08637093727,-0.05235390016,-0.1653303793,-0.1044137919,-0.08167582289,-0.04440028531,-0.1011119287
2026-06-27 00:00:00+00:00,-0.09696835588,-0.06343386396,-0.1653303793,-0.1044137919,-0.08861705809,-0.04440028531,-0.1049617661
2026-06-28 00:00:00+00:00,-0.1016609942,-0.06885363486,-0.1653303793,-0.1044137919,-0.08861705809,-0.04440028531,-0.1049617661
2026-06-29 00:00:00+00:00,-0.1016609942,-0.06885363486,-0.1653303793,-0.1044137919,-0.08861705809,-0.04440028531,-0.1049617661
2026-06-30 00:00:00+00:00,-0.1016609942,-0.06885363486,-0.1653303793,-0.1044137919,-0.08861705809,-0.04440028531,-0.1049617661
2026-07-01 00:00:00+00:00,-0.1016609942,-0.06885363486,-0.1653303793,-0.1044137919,-0.08861705809,-0.04440028531,-0.1049617661
2026-07-02 00:00:00+00:00,-0.1016609942,-0.06885363486,-0.1653303793,-0.1044137919,-0.08861705809,-0.04440028531,-0.1049617661
2026-07-03 00:00:00+00:00,-0.1016609942,-0.06885363486,-0.1653303793,-0.1044137919,-0.08861705809,-0.04440028531,-0.1049617661
2026-07-04 00:00:00+00:00,-0.1016609942,-0.06885363486,-0.1653303793,-0.1044137919,-0.08861705809,-0.04440028531,-0.1049617661
2026-07-05 00:00:00+00:00,-0.1016609942,-0.06885363486,-0.1653303793,-0.1044137919,-0.08861705809,-0.04440028531,-0.1049617661
2026-07-06 00:00:00+00:00,-0.1016609942,-0.06885363486,-0.1653303793,-0.1044137919,-0.08861705809,-0.04440028531,-0.1049617661
2026-07-07 00:00:00+00:00,-0.1016609942,-0.06885363486,-0.1653303793,-0.1044137919,-0.08861705809,-0.04440028531,-0.1049617661
2026-07-08 00:00:00+00:00,-0.1016609942,-0.06885363486,-0.1653303793,-0.1044137919,-0.08861705809,-0.04440028531,-0.1049617661
2026-07-09 00:00:00+00:00,-0.1016609942,-0.06885363486,-0.1653303793,-0.1044137919,-0.08861705809,-0.04440028531,-0.1049617661
2026-07-10 00:00:00+00:00,-0.1016609942,-0.06885363486,-0.1653303793,-0.1044137919,-0.08861705809,-0.04440028531,-0.1049617661
2026-07-11 00:00:00+00:00,-0.1016609942,-0.06885363486,-0.1653303793,-0.1044137919,-0.08861705809,-0.04440028531,-0.1049617661
2026-07-12 00:00:00+00:00,-0.1016609942,-0.06885363486,-0.1653303793,-0.1044137919,-0.08861705809,-0.04440028531,-0.1049617661
2026-07-13 00:00:00+00:00,-0.1016609942,-0.06885363486,-0.1653303793,-0.1044137919,-0.08861705809,-0.04440028531,-0.1049617661
2026-07-14 00:00:00+00:00,-0.1016609942,-0.06885363486,-0.1653303793,-0.1044137919,-0.08861705809,-0.04440028531,-0.1049617661
2026-07-15 00:00:00+00:00,-0.1016609942,-0.06885363486,-0.1653303793,-0.1044137919,-0.08861705809,-0.04440028531,-0.1049617661
2026-07-16 00:00:00+00:00,-0.1016609942,-0.06885363486,-0.1653303793,-0.1044137919,-0.08861705809,-0.04440028531,-0.1049617661
2026-07-17 00:00:00+00:00,-0.1016609942,-0.06885363486,-0.1653303793,-0.1044137919,-0.08861705809,-0.04440028531,-0.1049617661
2026-07-18 00:00:00+00:00,-0.1016609942,-0.06885363486,-0.1653303793,-0.1044137919,-0.08861705809,-0.04440028531,-0.1049617661
2026-07-19 00:00:00+00:00,-0.1016609942,-0.06885363486,-0.1653303793,-0.1044137919,-0.08861705809,-0.04440028531,-0.1049617661
2026-07-20 00:00:00+00:00,-0.1016609942,-0.06885363486,-0.1653303793,-0.1044137919,-0.08861705809,-0.04440028531,-0.1049617661
2026-07-21 00:00:00+00:00,-0.1016609942,-0.06885363486,-0.1653303793,-0.1044137919,-0.08861705809,-0.04440028531,-0.1049617661
2026-07-22 00:00:00+00:00,-0.1016609942,-0.06885363486,-0.1653303793,-0.1044137919,-0.08861705809,-0.04440028531,-0.1049617661
2026-07-23 00:00:00+00:00,-0.1016609942,-0.06885363486,-0.1653303793,-0.1044137919,-0.08861705809,-0.04440028531,-0.1049617661
2026-07-24 00:00:00+00:00,-0.1016609942,-0.06885363486,-0.1653303793,-0.1044137919,-0.08861705809,-0.04440028531,-0.1049617661
2026-07-25 00:00:00+00:00,-0.1016609942,-0.06885363486,-0.1653303793,-0.1044137919,-0.08861705809,-0.04440028531,-0.1049617661
2026-07-26 00:00:00+00:00,-0.1016609942,-0.06885363486,-0.1653303793,-0.1044137919,-0.08861705809,-0.04440028531,-0.1049617661
2026-07-27 00:00:00+00:00,-0.1016609942,-0.06885363486,-0.1653303793,-0.1044137919,-0.08861705809,-0.04440028531,-0.1049617661
2026-07-28 00:00:00+00:00,-0.1016609942,-0.06885363486,-0.1653303793,-0.1044137919,-0.08861705809,-0.04440028531,-0.1049617661
2026-07-29 00:00:00+00:00,-0.1016609942,-0.06885363486,-0.1653303793,-0.1044137919,-0.08861705809,-0.04440028531,-0.1049617661
2026-07-30 00:00:00+00:00,-0.1016609942,-0.06885363486,-0.1653303793,-0.1044137919,-0.08861705809,-0.04440028531,-0.1049617661
2026-07-31 00:00:00+00:00,-0.1163774814,-0.08682380456,-0.1965683727,-0.1224272173,-0.1069053082,-0.05820447753,-0.1151050315
2026-08-01 00:00:00+00:00,-0.1180253343,-0.09814499176,-0.2001838183,-0.1337756555,-0.1184268857,-0.06690110348,-0.1214952775
2026-08-02 00:00:00+00:00,-0.120171546,-0.1004282833,-0.2001838183,-0.1360644432,-0.09991182186,-0.05292570952,-0.1112262138
2026-08-03 00:00:00+00:00,-0.120171546,-0.1004282833,-0.2001838183,-0.1360644432,-0.1018804839,-0.05554189365,-0.1131485755
2026-08-04 00:00:00+00:00,-0.120171546,-0.1004282833,-0.2001838183,-0.1360644432,-0.1018804839,-0.05267484852,-0.1110418821
